trigger_timestamp,trigger_state,trigger_score,entry_timestamp,pm1_0,pm2_5,pm4_0,pm10,sen55_humidity,sen55_temperature,voc,nox,co2,scd41_temperature,scd41_humidity
2026-05-27 05:19:36,SMOKE,4,2026-05-27 05:19:05,9.2,9.6,9.6,9.6,58.9,24.6,58.0,2.0,,,
2026-05-27 05:19:36,SMOKE,4,2026-05-27 05:19:06,9.2,9.7,9.7,9.7,58.9,24.6,58.0,2.0,,,
2026-05-27 05:19:36,SMOKE,4,2026-05-27 05:19:07,9.3,9.7,9.7,9.7,58.9,24.6,58.0,2.0,,,
2026-05-27 05:19:36,SMOKE,4,2026-05-27 05:19:08,9.3,9.8,9.8,9.8,58.9,24.6,58.0,2.0,,,
2026-05-27 05:19:36,SMOKE,4,2026-05-27 05:19:09,9.5,9.9,9.9,9.9,59.0,24.6,58.0,2.0,,,
2026-05-27 05:19:36,SMOKE,4,2026-05-27 05:19:10,9.5,10.0,10.0,10.0,59.0,24.6,58.0,2.0,,,
2026-05-27 05:19:36,SMOKE,4,2026-05-27 05:19:11,9.6,10.1,10.1,10.1,59.0,24.6,58.0,2.0,,,
2026-05-27 05:19:36,SMOKE,4,2026-05-27 05:19:12,9.8,10.2,10.2,10.2,59.0,24.6,58.0,2.0,,,
2026-05-27 05:19:36,SMOKE,4,2026-05-27 05:19:13,10.0,10.5,10.5,10.5,58.9,24.6,58.0,2.0,,,
2026-05-27 05:19:36,SMOKE,4,2026-05-27 05:19:14,10.2,10.7,10.7,10.7,58.9,24.6,58.0,2.0,,,
2026-05-27 05:19:36,SMOKE,4,2026-05-27 05:19:15,10.3,10.8,10.8,10.8,58.9,24.6,58.0,2.0,,,
2026-05-27 05:19:36,SMOKE,4,2026-05-27 05:19:16,10.3,10.8,10.8,10.8,58.9,24.6,58.0,2.0,,,
2026-05-27 05:19:36,SMOKE,4,2026-05-27 05:19:17,10.4,10.9,10.9,10.9,58.9,24.6,58.0,2.0,,,
2026-05-27 05:19:36,SMOKE,4,2026-05-27 05:19:19,10.5,11.0,11.0,11.0,58.9,24.6,58.0,2.0,,,
2026-05-27 05:19:36,SMOKE,4,2026-05-27 05:19:20,10.6,11.1,11.1,11.1,58.9,24.6,58.0,2.0,,,
2026-05-27 05:19:36,SMOKE,4,2026-05-27 05:19:21,10.7,11.2,11.2,11.2,59.0,24.6,58.0,2.0,,,
2026-05-27 05:19:36,SMOKE,4,2026-05-27 05:19:22,10.8,11.3,11.3,11.3,59.0,24.6,58.0,2.0,,,
2026-05-27 05:19:36,SMOKE,4,2026-05-27 05:19:23,10.9,11.4,11.4,11.4,59.0,24.6,58.0,2.0,,,
2026-05-27 05:19:36,SMOKE,4,2026-05-27 05:19:24,10.9,11.4,11.4,11.4,59.0,24.6,58.0,2.0,,,
2026-05-27 05:19:36,SMOKE,4,2026-05-27 05:19:25,10.9,11.5,11.5,11.5,59.0,24.6,58.0,2.0,,,
2026-05-27 05:19:36,SMOKE,4,2026-05-27 05:19:26,11.0,11.5,11.5,11.5,59.1,24.6,58.0,2.0,,,
2026-05-27 05:19:36,SMOKE,4,2026-05-27 05:19:27,11.0,11.6,11.6,11.6,59.1,24.6,58.0,2.0,,,
2026-05-27 05:19:36,SMOKE,4,2026-05-27 05:19:28,11.0,11.6,11.6,11.6,59.1,24.6,58.0,2.0,,,
2026-05-27 05:19:36,SMOKE,4,2026-05-27 05:19:29,11.1,11.6,11.6,11.6,59.1,24.6,58.0,2.0,,,
2026-05-27 05:19:36,SMOKE,4,2026-05-27 05:19:30,11.1,11.6,11.6,11.6,59.1,24.6,58.0,2.0,,,
2026-05-27 05:19:36,SMOKE,4,2026-05-27 05:19:31,11.1,11.7,11.7,11.7,59.1,24.6,58.0,2.0,,,
2026-05-27 05:19:36,SMOKE,4,2026-05-27 05:19:32,11.2,11.7,11.7,11.7,59.1,24.6,58.0,2.0,,,
2026-05-27 05:19:36,SMOKE,4,2026-05-27 05:19:33,11.4,11.9,11.9,11.9,59.1,24.6,58.0,2.0,,,
2026-05-27 05:19:36,SMOKE,4,2026-05-27 05:19:35,11.6,12.1,12.1,12.1,59.2,24.6,58.0,2.0,,,
2026-05-27 05:19:36,SMOKE,4,2026-05-27 05:19:36,12.0,12.6,12.6,12.6,59.2,24.6,58.0,2.0,,,
2026-05-27 05:22:36,SMOKE,5,2026-05-27 05:22:06,36.4,38.7,39.1,39.3,59.5,24.6,59.0,2.0,,,
2026-05-27 05:22:36,SMOKE,5,2026-05-27 05:22:07,37.2,39.5,40.0,40.2,59.5,24.6,59.0,2.0,,,
2026-05-27 05:22:36,SMOKE,5,2026-05-27 05:22:08,38.0,40.3,40.7,40.9,59.5,24.6,59.0,2.0,,,
2026-05-27 05:22:36,SMOKE,5,2026-05-27 05:22:09,38.6,40.8,41.1,41.3,59.5,24.6,59.0,2.0,,,
2026-05-27 05:22:36,SMOKE,5,2026-05-27 05:22:10,39.4,41.6,41.8,41.9,59.5,24.6,59.0,2.0,,,
2026-05-27 05:22:36,SMOKE,5,2026-05-27 05:22:11,40.0,42.3,42.5,42.7,59.5,24.6,59.0,2.0,,,
2026-05-27 05:22:36,SMOKE,5,2026-05-27 05:22:12,40.6,42.8,43.0,43.2,59.4,24.6,59.0,2.0,,,
2026-05-27 05:22:36,SMOKE,5,2026-05-27 05:22:13,41.0,43.4,43.6,43.8,59.4,24.6,60.0,2.0,,,
2026-05-27 05:22:36,SMOKE,5,2026-05-27 05:22:14,41.3,43.7,44.0,44.1,59.4,24.6,60.0,2.0,,,
2026-05-27 05:22:36,SMOKE,5,2026-05-27 05:22:15,40.6,43.0,43.3,43.5,59.4,24.6,60.0,2.0,,,
2026-05-27 05:22:36,SMOKE,5,2026-05-27 05:22:16,39.4,41.8,42.1,42.3,59.4,24.6,60.0,2.0,,,
2026-05-27 05:22:36,SMOKE,5,2026-05-27 05:22:17,34.3,36.4,36.7,36.9,59.4,24.6,60.0,2.0,,,
2026-05-27 05:22:36,SMOKE,5,2026-05-27 05:22:18,31.7,33.6,34.0,34.2,59.4,24.6,60.0,2.0,,,
2026-05-27 05:22:36,SMOKE,5,2026-05-27 05:22:19,29.7,31.6,31.9,32.1,59.4,24.6,60.0,2.0,,,
2026-05-27 05:22:36,SMOKE,5,2026-05-27 05:22:20,28.3,30.1,30.5,30.7,59.4,24.6,60.0,2.0,,,
2026-05-27 05:22:36,SMOKE,5,2026-05-27 05:22:21,27.2,28.9,29.3,29.5,59.4,24.6,60.0,2.0,,,
2026-05-27 05:22:36,SMOKE,5,2026-05-27 05:22:22,26.2,28.0,28.3,28.5,59.4,24.6,60.0,2.0,,,
2026-05-27 05:22:36,SMOKE,5,2026-05-27 05:22:23,25.5,27.0,27.3,27.5,59.4,24.6,60.0,2.0,,,
2026-05-27 05:22:36,SMOKE,5,2026-05-27 05:22:24,24.6,26.2,26.5,26.6,59.4,24.6,60.0,2.0,,,
2026-05-27 05:22:36,SMOKE,5,2026-05-27 05:22:25,23.9,25.4,25.7,25.9,59.4,24.6,60.0,2.0,,,
2026-05-27 05:22:36,SMOKE,5,2026-05-27 05:22:26,23.2,24.7,25.0,25.1,59.4,24.6,60.0,2.0,,,
2026-05-27 05:22:36,SMOKE,5,2026-05-27 05:22:27,22.7,24.1,24.5,24.6,59.4,24.6,60.0,2.0,,,
2026-05-27 05:22:36,SMOKE,5,2026-05-27 05:22:28,22.1,23.6,23.9,24.1,59.4,24.6,60.0,2.0,,,
2026-05-27 05:22:36,SMOKE,5,2026-05-27 05:22:29,21.5,22.8,23.1,23.2,59.4,24.6,60.0,2.0,,,
2026-05-27 05:22:36,SMOKE,5,2026-05-27 05:22:31,21.0,22.3,22.6,22.7,59.5,24.6,60.0,2.0,,,
2026-05-27 05:22:36,SMOKE,5,2026-05-27 05:22:32,20.7,22.0,22.3,22.4,59.5,24.6,60.0,2.0,,,
2026-05-27 05:22:36,SMOKE,5,2026-05-27 05:22:33,20.6,22.0,22.3,22.4,59.5,24.6,60.0,2.0,,,
2026-05-27 05:22:36,SMOKE,5,2026-05-27 05:22:34,21.3,22.6,22.8,22.9,59.5,24.6,60.0,2.0,,,
2026-05-27 05:22:36,SMOKE,5,2026-05-27 05:22:35,23.7,25.1,25.3,25.4,59.5,24.6,60.0,2.0,,,
2026-05-27 05:22:36,SMOKE,5,2026-05-27 05:22:36,28.7,30.2,30.4,30.5,59.5,24.6,60.0,2.0,,,
2026-05-27 05:44:26,SMOKE,4,2026-05-27 05:43:55,11.8,12.4,12.4,12.4,59.5,24.6,126.0,2.0,,,
2026-05-27 05:44:26,SMOKE,4,2026-05-27 05:43:56,11.9,12.4,12.4,12.4,59.5,24.6,126.0,2.0,,,
2026-05-27 05:44:26,SMOKE,4,2026-05-27 05:43:57,11.9,12.5,12.5,12.5,59.6,24.6,126.0,2.0,,,
2026-05-27 05:44:26,SMOKE,4,2026-05-27 05:43:58,12.0,12.6,12.6,12.6,59.6,24.6,126.0,2.0,,,
2026-05-27 05:44:26,SMOKE,4,2026-05-27 05:43:59,12.0,12.6,12.6,12.6,59.6,24.6,126.0,2.0,,,
2026-05-27 05:44:26,SMOKE,4,2026-05-27 05:44:00,12.1,12.7,12.7,12.7,59.6,24.6,126.0,2.0,,,
2026-05-27 05:44:26,SMOKE,4,2026-05-27 05:44:01,12.2,12.8,12.8,12.8,59.7,24.6,126.0,2.0,,,
2026-05-27 05:44:26,SMOKE,4,2026-05-27 05:44:03,12.3,12.9,12.9,12.9,59.7,24.6,126.0,2.0,,,
2026-05-27 05:44:26,SMOKE,4,2026-05-27 05:44:04,12.5,13.1,13.1,13.1,59.7,24.6,126.0,2.0,,,
2026-05-27 05:44:26,SMOKE,4,2026-05-27 05:44:05,12.6,13.2,13.2,13.2,59.7,24.6,126.0,2.0,,,
2026-05-27 05:44:26,SMOKE,4,2026-05-27 05:44:06,12.7,13.4,13.4,13.4,59.7,24.6,126.0,2.0,,,
2026-05-27 05:44:26,SMOKE,4,2026-05-27 05:44:07,12.8,13.5,13.5,13.5,59.8,24.6,126.0,2.0,,,
2026-05-27 05:44:26,SMOKE,4,2026-05-27 05:44:08,13.0,13.6,13.6,13.6,59.8,24.6,126.0,2.0,,,
2026-05-27 05:44:26,SMOKE,4,2026-05-27 05:44:09,13.0,13.7,13.7,13.7,59.8,24.6,126.0,2.0,,,
2026-05-27 05:44:26,SMOKE,4,2026-05-27 05:44:10,13.1,13.7,13.7,13.7,59.8,24.6,126.0,2.0,,,
2026-05-27 05:44:26,SMOKE,4,2026-05-27 05:44:11,13.2,13.9,13.9,13.9,59.9,24.6,126.0,2.0,,,
2026-05-27 05:44:26,SMOKE,4,2026-05-27 05:44:12,13.4,14.0,14.0,14.0,59.9,24.6,126.0,2.0,,,
2026-05-27 05:44:26,SMOKE,4,2026-05-27 05:44:13,13.5,14.1,14.1,14.1,59.9,24.6,126.0,2.0,,,
2026-05-27 05:44:26,SMOKE,4,2026-05-27 05:44:14,13.6,14.3,14.3,14.3,59.9,24.6,126.0,2.0,,,
2026-05-27 05:44:26,SMOKE,4,2026-05-27 05:44:15,13.8,14.5,14.5,14.5,59.9,24.6,126.0,2.0,,,
2026-05-27 05:44:26,SMOKE,4,2026-05-27 05:44:16,14.0,14.7,14.7,14.7,59.9,24.6,127.0,2.0,,,
2026-05-27 05:44:26,SMOKE,4,2026-05-27 05:44:17,14.1,14.8,14.8,14.8,59.9,24.6,127.0,2.0,,,
2026-05-27 05:44:26,SMOKE,4,2026-05-27 05:44:19,14.1,14.8,14.8,14.8,59.9,24.6,127.0,2.0,,,
2026-05-27 05:44:26,SMOKE,4,2026-05-27 05:44:20,14.1,14.8,14.8,14.8,59.9,24.6,127.0,2.0,,,
2026-05-27 05:44:26,SMOKE,4,2026-05-27 05:44:21,14.2,14.9,14.9,14.9,59.9,24.6,127.0,2.0,,,
2026-05-27 05:44:26,SMOKE,4,2026-05-27 05:44:22,14.3,15.0,15.0,15.0,59.9,24.6,127.0,2.0,,,
2026-05-27 05:44:26,SMOKE,4,2026-05-27 05:44:23,14.3,15.0,15.0,15.0,59.9,24.6,127.0,2.0,,,
2026-05-27 05:44:26,SMOKE,4,2026-05-27 05:44:24,14.4,15.1,15.1,15.1,59.9,24.6,127.0,2.0,,,
2026-05-27 05:44:26,SMOKE,4,2026-05-27 05:44:25,14.5,15.2,15.2,15.2,59.9,24.6,127.0,2.0,,,
2026-05-27 05:44:26,SMOKE,4,2026-05-27 05:44:26,14.6,15.3,15.3,15.3,59.9,24.6,128.0,2.0,,,
2026-05-27 08:33:36,SMOKE,9,2026-05-27 08:33:05,10.0,10.5,10.5,10.5,57.0,25.2,71.0,2.0,,,
2026-05-27 08:33:36,SMOKE,9,2026-05-27 08:33:06,10.0,10.5,10.5,10.5,57.0,25.2,70.0,2.0,,,
2026-05-27 08:33:36,SMOKE,9,2026-05-27 08:33:07,10.1,10.6,10.6,10.6,57.0,25.2,70.0,2.0,,,
2026-05-27 08:33:36,SMOKE,9,2026-05-27 08:33:08,10.1,10.6,10.6,10.6,57.1,25.2,70.0,2.0,,,
2026-05-27 08:33:36,SMOKE,9,2026-05-27 08:33:09,10.2,10.6,10.6,10.6,57.1,25.2,70.0,2.0,,,
2026-05-27 08:33:36,SMOKE,9,2026-05-27 08:33:10,10.2,10.7,10.7,10.7,57.1,25.2,71.0,2.0,,,
2026-05-27 08:33:36,SMOKE,9,2026-05-27 08:33:11,10.3,10.8,10.8,10.8,57.1,25.2,71.0,2.0,,,
2026-05-27 08:33:36,SMOKE,9,2026-05-27 08:33:12,10.3,10.8,10.8,10.8,57.0,25.2,71.0,2.0,,,
2026-05-27 08:33:36,SMOKE,9,2026-05-27 08:33:13,10.3,10.8,10.8,10.8,57.0,25.2,71.0,2.0,,,
2026-05-27 08:33:36,SMOKE,9,2026-05-27 08:33:15,10.3,10.8,10.8,10.8,57.0,25.2,71.0,2.0,,,
2026-05-27 08:33:36,SMOKE,9,2026-05-27 08:33:16,10.3,10.8,10.8,10.8,57.0,25.2,71.0,2.0,,,
2026-05-27 08:33:36,SMOKE,9,2026-05-27 08:33:17,10.4,10.9,10.9,10.9,57.0,25.2,71.0,2.0,,,
2026-05-27 08:33:36,SMOKE,9,2026-05-27 08:33:18,10.5,11.0,11.0,11.0,57.0,25.2,71.0,2.0,,,
2026-05-27 08:33:36,SMOKE,9,2026-05-27 08:33:19,10.6,11.1,11.1,11.1,57.0,25.2,71.0,2.0,,,
2026-05-27 08:33:36,SMOKE,9,2026-05-27 08:33:20,10.6,11.1,11.1,11.1,57.0,25.2,71.0,2.0,,,
2026-05-27 08:33:36,SMOKE,9,2026-05-27 08:33:21,10.6,11.1,11.1,11.1,57.0,25.2,71.0,2.0,,,
2026-05-27 08:33:36,SMOKE,9,2026-05-27 08:33:22,10.7,11.2,11.2,11.2,57.1,25.2,71.0,2.0,,,
2026-05-27 08:33:36,SMOKE,9,2026-05-27 08:33:23,10.8,11.3,11.3,11.3,57.1,25.2,71.0,2.0,,,
2026-05-27 08:33:36,SMOKE,9,2026-05-27 08:33:24,10.8,11.4,11.4,11.4,57.1,25.2,71.0,2.0,,,
2026-05-27 08:33:36,SMOKE,9,2026-05-27 08:33:25,10.9,11.4,11.4,11.4,57.1,25.2,71.0,2.0,,,
2026-05-27 08:33:36,SMOKE,9,2026-05-27 08:33:26,10.9,11.5,11.5,11.5,57.1,25.2,71.0,2.0,,,
2026-05-27 08:33:36,SMOKE,9,2026-05-27 08:33:27,10.9,11.4,11.4,11.4,57.1,25.2,71.0,2.0,,,
2026-05-27 08:33:36,SMOKE,9,2026-05-27 08:33:28,10.9,11.4,11.4,11.4,57.2,25.2,71.0,2.0,,,
2026-05-27 08:33:36,SMOKE,9,2026-05-27 08:33:30,10.8,11.4,11.4,11.4,57.4,25.2,71.0,2.0,,,
2026-05-27 08:33:36,SMOKE,9,2026-05-27 08:33:31,10.8,11.3,11.3,11.3,57.8,25.2,71.0,2.0,,,
2026-05-27 08:33:36,SMOKE,9,2026-05-27 08:33:32,10.7,11.2,11.2,11.2,58.2,25.2,71.0,2.0,,,
2026-05-27 08:33:36,SMOKE,9,2026-05-27 08:33:33,10.7,11.2,11.2,11.2,58.4,25.2,71.0,2.0,,,
2026-05-27 08:33:36,SMOKE,9,2026-05-27 08:33:34,10.7,11.2,11.2,11.2,58.5,25.2,71.0,2.0,,,
2026-05-27 08:33:36,SMOKE,9,2026-05-27 08:33:35,10.6,11.1,11.1,11.1,58.5,25.2,71.0,2.0,,,
2026-05-27 08:33:36,SMOKE,9,2026-05-27 08:33:36,17.2,18.1,18.1,18.1,58.5,25.2,71.0,2.0,,,
