trigger_timestamp,trigger_state,trigger_score,entry_timestamp,pm1_0,pm2_5,pm4_0,pm10,sen55_humidity,sen55_temperature,voc,nox,co2,scd41_temperature,scd41_humidity2026-05-26 01:47:08,SMOKE,7,2026-05-26 01:46:37,7.0,7.3,7.3,7.3,55.6,24.0,14.0,1.0,,,
2026-05-26 01:47:08,SMOKE,7,2026-05-26 01:46:38,7.0,7.3,7.3,7.3,55.6,24.0,14.0,1.0,,,
2026-05-26 01:47:08,SMOKE,7,2026-05-26 01:46:39,7.0,7.3,7.3,7.3,55.6,24.0,14.0,1.0,,,
2026-05-26 01:47:08,SMOKE,7,2026-05-26 01:46:40,7.0,7.3,7.3,7.3,55.6,24.0,14.0,1.0,,,
2026-05-26 01:47:08,SMOKE,7,2026-05-26 01:46:41,7.0,7.3,7.3,7.3,55.6,24.0,14.0,1.0,,,
2026-05-26 01:47:08,SMOKE,7,2026-05-26 01:46:42,7.0,7.3,7.3,7.3,55.6,24.0,14.0,1.0,,,
2026-05-26 01:47:08,SMOKE,7,2026-05-26 01:46:44,7.0,7.3,7.3,7.3,55.6,24.0,14.0,1.0,,,
2026-05-26 01:47:08,SMOKE,7,2026-05-26 01:46:45,7.1,7.4,7.4,7.4,55.6,24.0,14.0,1.0,,,
2026-05-26 01:47:08,SMOKE,7,2026-05-26 01:46:46,7.2,7.6,7.6,7.6,55.6,24.0,14.0,1.0,,,
2026-05-26 01:47:08,SMOKE,7,2026-05-26 01:46:47,7.5,7.9,7.9,7.9,55.6,24.0,14.0,1.0,,,
2026-05-26 01:47:08,SMOKE,7,2026-05-26 01:46:48,7.7,8.0,8.0,8.0,55.6,24.0,14.0,1.0,,,
2026-05-26 01:47:08,SMOKE,7,2026-05-26 01:46:49,7.8,8.2,8.2,8.2,55.6,24.0,14.0,1.0,,,
2026-05-26 01:47:08,SMOKE,7,2026-05-26 01:46:50,8.0,8.4,8.4,8.4,55.6,24.0,14.0,1.0,,,
2026-05-26 01:47:08,SMOKE,7,2026-05-26 01:46:51,8.1,8.5,8.5,8.5,55.6,24.0,14.0,1.0,,,
2026-05-26 01:47:08,SMOKE,7,2026-05-26 01:46:52,8.3,8.7,8.7,8.7,55.6,24.0,14.0,1.0,,,
2026-05-26 01:47:08,SMOKE,7,2026-05-26 01:46:53,8.4,8.8,8.8,8.8,55.6,24.0,14.0,1.0,,,
2026-05-26 01:47:08,SMOKE,7,2026-05-26 01:46:54,8.5,8.9,8.9,8.9,55.6,24.0,14.0,1.0,,,
2026-05-26 01:47:08,SMOKE,7,2026-05-26 01:46:55,8.6,9.0,9.0,9.0,55.6,24.0,14.0,1.0,,,
2026-05-26 01:47:08,SMOKE,7,2026-05-26 01:46:56,8.7,9.1,9.1,9.1,55.6,24.0,14.0,1.0,,,
2026-05-26 01:47:08,SMOKE,7,2026-05-26 01:46:57,8.7,9.1,9.1,9.1,55.6,24.0,14.0,1.0,,,
2026-05-26 01:47:08,SMOKE,7,2026-05-26 01:46:58,8.7,9.1,9.1,9.1,55.6,24.0,14.0,1.0,,,
2026-05-26 01:47:08,SMOKE,7,2026-05-26 01:47:00,8.7,9.1,9.1,9.1,55.6,24.0,14.0,1.0,,,
2026-05-26 01:47:08,SMOKE,7,2026-05-26 01:47:01,8.7,9.2,9.2,9.2,55.6,24.0,14.0,1.0,,,
2026-05-26 01:47:08,SMOKE,7,2026-05-26 01:47:02,8.8,9.2,9.2,9.2,55.6,24.0,14.0,1.0,,,
2026-05-26 01:47:08,SMOKE,7,2026-05-26 01:47:03,8.9,9.3,9.3,9.3,55.6,24.0,14.0,1.0,,,
2026-05-26 01:47:08,SMOKE,7,2026-05-26 01:47:04,9.0,9.4,9.4,9.4,55.6,24.0,14.0,1.0,,,
2026-05-26 01:47:08,SMOKE,7,2026-05-26 01:47:05,9.1,9.6,9.6,9.6,55.6,24.0,14.0,1.0,,,
2026-05-26 01:47:08,SMOKE,7,2026-05-26 01:47:06,9.4,9.9,9.9,9.9,55.6,24.0,14.0,1.0,,,
2026-05-26 01:47:08,SMOKE,7,2026-05-26 01:47:07,9.8,10.3,10.3,10.3,55.6,24.0,14.0,1.0,,,
2026-05-26 01:47:08,SMOKE,7,2026-05-26 01:47:08,10.4,11.0,11.0,11.0,55.6,24.0,14.0,1.0,,,
2026-05-26 05:18:55,SMOKE,4,2026-05-26 05:18:24,7.3,7.7,7.7,7.7,56.6,22.7,29.0,1.0,,,
2026-05-26 05:18:55,SMOKE,4,2026-05-26 05:18:25,7.4,7.7,7.7,7.7,56.6,22.7,29.0,1.0,,,
2026-05-26 05:18:55,SMOKE,4,2026-05-26 05:18:26,7.4,7.8,7.8,7.8,56.6,22.7,29.0,1.0,,,
2026-05-26 05:18:55,SMOKE,4,2026-05-26 05:18:27,7.4,7.7,7.7,7.7,56.6,22.7,29.0,1.0,,,
2026-05-26 05:18:55,SMOKE,4,2026-05-26 05:18:28,7.4,7.8,7.8,7.8,56.6,22.7,29.0,1.0,,,
2026-05-26 05:18:55,SMOKE,4,2026-05-26 05:18:29,7.5,7.9,7.9,7.9,56.6,22.7,29.0,1.0,,,
2026-05-26 05:18:55,SMOKE,4,2026-05-26 05:18:30,7.5,7.9,7.9,7.9,56.6,22.7,29.0,1.0,,,
2026-05-26 05:18:55,SMOKE,4,2026-05-26 05:18:31,7.6,8.0,8.0,8.0,56.6,22.7,29.0,1.0,,,
2026-05-26 05:18:55,SMOKE,4,2026-05-26 05:18:32,7.6,8.0,8.0,8.0,56.6,22.7,29.0,1.0,,,
2026-05-26 05:18:55,SMOKE,4,2026-05-26 05:18:33,7.7,8.0,8.0,8.0,56.6,22.7,29.0,1.0,,,
2026-05-26 05:18:55,SMOKE,4,2026-05-26 05:18:35,7.7,8.1,8.1,8.1,56.6,22.7,29.0,1.0,,,
2026-05-26 05:18:55,SMOKE,4,2026-05-26 05:18:36,7.8,8.1,8.1,8.1,56.6,22.7,29.0,1.0,,,
2026-05-26 05:18:55,SMOKE,4,2026-05-26 05:18:37,7.9,8.3,8.3,8.3,56.6,22.7,29.0,1.0,,,
2026-05-26 05:18:55,SMOKE,4,2026-05-26 05:18:38,8.0,8.4,8.4,8.4,56.6,22.7,29.0,1.0,,,
2026-05-26 05:18:55,SMOKE,4,2026-05-26 05:18:39,8.0,8.4,8.4,8.4,56.6,22.7,29.0,1.0,,,
2026-05-26 05:18:55,SMOKE,4,2026-05-26 05:18:40,8.1,8.5,8.5,8.5,56.5,22.7,29.0,1.0,,,
2026-05-26 05:18:55,SMOKE,4,2026-05-26 05:18:41,8.1,8.5,8.5,8.5,56.5,22.7,29.0,1.0,,,
2026-05-26 05:18:55,SMOKE,4,2026-05-26 05:18:42,8.2,8.6,8.6,8.6,56.5,22.7,29.0,1.0,,,
2026-05-26 05:18:55,SMOKE,4,2026-05-26 05:18:43,8.3,8.7,8.7,8.7,56.5,22.7,29.0,1.0,,,
2026-05-26 05:18:55,SMOKE,4,2026-05-26 05:18:44,8.4,8.8,8.8,8.8,56.5,22.7,29.0,1.0,,,
2026-05-26 05:18:55,SMOKE,4,2026-05-26 05:18:45,8.5,8.9,8.9,8.9,56.5,22.7,29.0,1.0,,,
2026-05-26 05:18:55,SMOKE,4,2026-05-26 05:18:46,8.7,9.1,9.1,9.1,56.5,22.7,29.0,1.0,,,
2026-05-26 05:18:55,SMOKE,4,2026-05-26 05:18:47,8.8,9.2,9.2,9.2,56.5,22.7,29.0,1.0,,,
2026-05-26 05:18:55,SMOKE,4,2026-05-26 05:18:48,9.0,9.4,9.4,9.4,56.5,22.7,29.0,1.0,,,
2026-05-26 05:18:55,SMOKE,4,2026-05-26 05:18:49,9.2,9.6,9.6,9.6,56.5,22.7,29.0,1.0,,,
2026-05-26 05:18:55,SMOKE,4,2026-05-26 05:18:51,9.3,9.8,9.8,9.8,56.5,22.7,29.0,1.0,,,
2026-05-26 05:18:55,SMOKE,4,2026-05-26 05:18:52,9.5,10.0,10.0,10.0,56.5,22.7,29.0,1.0,,,
2026-05-26 05:18:55,SMOKE,4,2026-05-26 05:18:53,9.9,10.4,10.4,10.4,56.6,22.7,29.0,1.0,,,
2026-05-26 05:18:55,SMOKE,4,2026-05-26 05:18:54,10.3,10.8,10.8,10.8,56.6,22.7,29.0,1.0,,,
2026-05-26 05:18:55,SMOKE,4,2026-05-26 05:18:55,10.9,11.4,11.4,11.4,56.6,22.7,29.0,1.0,,,
2026-05-26 06:20:39,SMOKE,4,2026-05-26 06:20:08,7.3,7.6,7.6,7.6,57.1,22.1,21.0,1.0,,,
2026-05-26 06:20:39,SMOKE,4,2026-05-26 06:20:09,7.3,7.6,7.6,7.6,57.1,22.1,21.0,1.0,,,
2026-05-26 06:20:39,SMOKE,4,2026-05-26 06:20:10,7.4,7.7,7.7,7.7,57.1,22.1,21.0,1.0,,,
2026-05-26 06:20:39,SMOKE,4,2026-05-26 06:20:11,7.4,7.8,7.8,7.8,57.1,22.1,21.0,1.0,,,
2026-05-26 06:20:39,SMOKE,4,2026-05-26 06:20:12,7.5,7.8,7.8,7.8,57.1,22.1,21.0,1.0,,,
2026-05-26 06:20:39,SMOKE,4,2026-05-26 06:20:13,7.5,7.9,7.9,7.9,57.1,22.1,21.0,1.0,,,
2026-05-26 06:20:39,SMOKE,4,2026-05-26 06:20:14,7.6,7.9,7.9,7.9,57.1,22.1,21.0,1.0,,,
2026-05-26 06:20:39,SMOKE,4,2026-05-26 06:20:16,7.7,8.0,8.0,8.0,57.1,22.1,21.0,1.0,,,
2026-05-26 06:20:39,SMOKE,4,2026-05-26 06:20:17,7.7,8.1,8.1,8.1,57.1,22.1,21.0,1.0,,,
2026-05-26 06:20:39,SMOKE,4,2026-05-26 06:20:18,7.7,8.1,8.1,8.1,57.1,22.1,21.0,1.0,,,
2026-05-26 06:20:39,SMOKE,4,2026-05-26 06:20:19,7.7,8.0,8.0,8.0,57.1,22.1,21.0,1.0,,,
2026-05-26 06:20:39,SMOKE,4,2026-05-26 06:20:20,7.6,8.0,8.0,8.0,57.1,22.1,21.0,1.0,,,
2026-05-26 06:20:39,SMOKE,4,2026-05-26 06:20:21,7.6,8.0,8.0,8.0,57.1,22.1,21.0,1.0,,,
2026-05-26 06:20:39,SMOKE,4,2026-05-26 06:20:22,7.5,7.9,7.9,7.9,57.1,22.1,21.0,1.0,,,
2026-05-26 06:20:39,SMOKE,4,2026-05-26 06:20:23,7.4,7.8,7.8,7.8,57.1,22.1,21.0,1.0,,,
2026-05-26 06:20:39,SMOKE,4,2026-05-26 06:20:24,7.3,7.7,7.7,7.7,57.1,22.1,21.0,1.0,,,
2026-05-26 06:20:39,SMOKE,4,2026-05-26 06:20:25,7.3,7.6,7.6,7.6,57.1,22.1,21.0,1.0,,,
2026-05-26 06:20:39,SMOKE,4,2026-05-26 06:20:26,7.2,7.6,7.6,7.6,57.1,22.1,21.0,1.0,,,
2026-05-26 06:20:39,SMOKE,4,2026-05-26 06:20:27,7.2,7.6,7.6,7.6,57.1,22.1,21.0,1.0,,,
2026-05-26 06:20:39,SMOKE,4,2026-05-26 06:20:28,7.2,7.6,7.6,7.6,57.1,22.1,21.0,1.0,,,
2026-05-26 06:20:39,SMOKE,4,2026-05-26 06:20:29,7.3,7.7,7.7,7.7,57.1,22.1,21.0,1.0,,,
2026-05-26 06:20:39,SMOKE,4,2026-05-26 06:20:30,7.6,7.9,7.9,7.9,57.1,22.1,21.0,1.0,,,
2026-05-26 06:20:39,SMOKE,4,2026-05-26 06:20:32,8.4,8.8,8.8,8.8,57.1,22.1,21.0,1.0,,,
2026-05-26 06:20:39,SMOKE,4,2026-05-26 06:20:33,9.0,9.4,9.4,9.4,57.1,22.1,21.0,1.0,,,
2026-05-26 06:20:39,SMOKE,4,2026-05-26 06:20:34,9.5,10.0,10.0,10.0,57.1,22.1,21.0,1.0,,,
2026-05-26 06:20:39,SMOKE,4,2026-05-26 06:20:35,9.8,10.3,10.3,10.3,57.1,22.1,21.0,1.0,,,
2026-05-26 06:20:39,SMOKE,4,2026-05-26 06:20:36,10.4,10.9,10.9,10.9,57.1,22.1,21.0,1.0,,,
2026-05-26 06:20:39,SMOKE,4,2026-05-26 06:20:37,10.6,11.2,11.2,11.2,57.1,22.1,21.0,1.0,,,
2026-05-26 06:20:39,SMOKE,4,2026-05-26 06:20:38,10.9,11.5,11.5,11.5,57.1,22.1,21.0,1.0,,,
2026-05-26 06:20:39,SMOKE,4,2026-05-26 06:20:39,11.1,11.7,11.7,11.7,57.1,22.1,21.0,1.0,,,
2026-05-26 06:30:19,SMOKE,5,2026-05-26 06:29:46,23.3,24.6,24.6,24.7,58.3,22.1,30.0,1.0,,,
2026-05-26 06:30:19,SMOKE,5,2026-05-26 06:29:47,23.3,24.5,24.6,24.7,58.3,22.1,30.0,1.0,,,
2026-05-26 06:30:19,SMOKE,5,2026-05-26 06:29:48,23.2,24.5,24.6,24.7,58.3,22.1,30.0,1.0,,,
2026-05-26 06:30:19,SMOKE,5,2026-05-26 06:29:49,23.2,24.5,24.7,24.7,58.3,22.1,30.0,1.0,,,
2026-05-26 06:30:19,SMOKE,5,2026-05-26 06:29:50,23.2,24.5,24.7,24.7,58.3,22.1,30.0,1.0,,,
2026-05-26 06:30:19,SMOKE,5,2026-05-26 06:29:51,23.2,24.6,24.7,24.8,58.2,22.1,30.0,1.0,,,
2026-05-26 06:30:19,SMOKE,5,2026-05-26 06:29:52,23.3,24.7,25.0,25.1,58.2,22.1,30.0,1.0,,,
2026-05-26 06:30:19,SMOKE,5,2026-05-26 06:29:53,23.4,24.9,25.1,25.2,58.2,22.1,31.0,1.0,,,
2026-05-26 06:30:19,SMOKE,5,2026-05-26 06:29:54,23.6,25.0,25.3,25.4,58.2,22.1,31.0,1.0,,,
2026-05-26 06:30:19,SMOKE,5,2026-05-26 06:29:56,23.7,25.3,25.6,25.7,58.2,22.1,31.0,1.0,,,
2026-05-26 06:30:19,SMOKE,5,2026-05-26 06:29:57,23.9,25.4,25.7,25.9,58.2,22.1,31.0,1.0,,,
2026-05-26 06:30:19,SMOKE,5,2026-05-26 06:29:58,24.0,25.5,25.9,26.0,58.2,22.1,31.0,1.0,,,
2026-05-26 06:30:19,SMOKE,5,2026-05-26 06:29:59,24.1,25.7,26.0,26.2,58.2,22.1,31.0,1.0,,,
2026-05-26 06:30:19,SMOKE,5,2026-05-26 06:30:00,24.2,25.8,26.2,26.4,58.2,22.1,31.0,1.0,,,
2026-05-26 06:30:19,SMOKE,5,2026-05-26 06:30:01,24.2,25.8,26.2,26.4,58.2,22.1,31.0,1.0,,,
2026-05-26 06:30:19,SMOKE,5,2026-05-26 06:30:02,24.1,25.8,26.2,26.4,58.2,22.1,31.0,1.0,,,
2026-05-26 06:30:19,SMOKE,5,2026-05-26 06:30:03,24.0,25.7,26.1,26.3,58.2,22.1,31.0,1.0,,,
2026-05-26 06:30:19,SMOKE,5,2026-05-26 06:30:04,24.0,25.6,26.1,26.3,58.3,22.1,31.0,1.0,,,
2026-05-26 06:30:19,SMOKE,5,2026-05-26 06:30:05,23.9,25.6,26.1,26.3,58.3,22.1,31.0,1.0,,,
2026-05-26 06:30:19,SMOKE,5,2026-05-26 06:30:06,24.0,25.7,26.1,26.4,58.3,22.1,31.0,1.0,,,
2026-05-26 06:30:19,SMOKE,5,2026-05-26 06:30:07,24.1,25.8,26.3,26.5,58.3,22.1,31.0,1.0,,,
2026-05-26 06:30:19,SMOKE,5,2026-05-26 06:30:08,24.2,26.0,26.4,26.7,58.3,22.1,32.0,1.0,,,
2026-05-26 06:30:19,SMOKE,5,2026-05-26 06:30:09,24.3,26.1,26.6,26.8,58.3,22.1,32.0,1.0,,,
2026-05-26 06:30:19,SMOKE,5,2026-05-26 06:30:10,24.4,26.2,26.7,26.9,58.3,22.1,32.0,1.0,,,
2026-05-26 06:30:19,SMOKE,5,2026-05-26 06:30:12,24.7,26.6,27.1,27.4,58.3,22.1,32.0,1.0,,,
2026-05-26 06:30:19,SMOKE,5,2026-05-26 06:30:13,25.0,26.9,27.4,27.6,58.3,22.1,32.0,1.0,,,
2026-05-26 06:30:19,SMOKE,5,2026-05-26 06:30:16,25.6,27.5,28.0,28.3,58.3,22.1,32.0,1.0,,,
2026-05-26 06:30:19,SMOKE,5,2026-05-26 06:30:17,25.8,27.7,28.3,28.6,58.3,22.1,32.0,1.0,,,
2026-05-26 06:30:19,SMOKE,5,2026-05-26 06:30:18,25.9,27.9,28.5,28.8,58.3,22.1,32.0,1.0,,,
2026-05-26 06:30:19,SMOKE,5,2026-05-26 06:30:19,26.1,28.0,28.6,28.9,58.3,22.1,32.0,1.0,,,
2026-05-26 06:30:54,SMOKE,5,2026-05-26 06:30:23,26.4,28.5,29.1,29.4,58.2,22.1,33.0,1.0,,,
2026-05-26 06:30:54,SMOKE,5,2026-05-26 06:30:24,26.6,28.6,29.3,29.6,58.2,22.1,33.0,1.0,,,
2026-05-26 06:30:54,SMOKE,5,2026-05-26 06:30:25,26.7,28.8,29.5,29.8,58.2,22.1,33.0,1.0,,,
2026-05-26 06:30:54,SMOKE,5,2026-05-26 06:30:26,26.8,28.9,29.6,30.0,58.2,22.1,33.0,1.0,,,
2026-05-26 06:30:54,SMOKE,5,2026-05-26 06:30:27,26.8,29.0,29.7,30.0,58.2,22.1,33.0,1.0,,,
2026-05-26 06:30:54,SMOKE,5,2026-05-26 06:30:28,26.9,29.0,29.7,30.1,58.2,22.1,33.0,1.0,,,
2026-05-26 06:30:54,SMOKE,5,2026-05-26 06:30:29,26.8,29.0,29.6,30.0,58.2,22.1,33.0,1.0,,,
2026-05-26 06:30:54,SMOKE,5,2026-05-26 06:30:30,26.8,29.0,29.7,30.0,58.2,22.1,33.0,1.0,,,
2026-05-26 06:30:54,SMOKE,5,2026-05-26 06:30:31,26.8,29.0,29.7,30.0,58.2,22.1,33.0,1.0,,,
2026-05-26 06:30:54,SMOKE,5,2026-05-26 06:30:32,26.8,28.9,29.6,30.0,58.2,22.1,33.0,1.0,,,
2026-05-26 06:30:54,SMOKE,5,2026-05-26 06:30:33,26.7,28.9,29.5,29.9,58.2,22.1,33.0,1.0,,,
2026-05-26 06:30:54,SMOKE,5,2026-05-26 06:30:34,26.6,28.8,29.4,29.8,58.2,22.1,34.0,1.0,,,
2026-05-26 06:30:54,SMOKE,5,2026-05-26 06:30:35,26.6,28.5,29.1,29.3,58.1,22.1,34.0,1.0,,,
2026-05-26 06:30:54,SMOKE,5,2026-05-26 06:30:36,26.5,28.4,28.8,29.0,58.1,22.1,34.0,1.0,,,
2026-05-26 06:30:54,SMOKE,5,2026-05-26 06:30:37,26.5,28.2,28.5,28.7,58.1,22.1,34.0,1.0,,,
2026-05-26 06:30:54,SMOKE,5,2026-05-26 06:30:38,26.3,28.0,28.4,28.6,58.1,22.1,34.0,1.0,,,
2026-05-26 06:30:54,SMOKE,5,2026-05-26 06:30:39,26.2,27.8,28.1,28.2,58.1,22.1,34.0,1.0,,,
2026-05-26 06:30:54,SMOKE,5,2026-05-26 06:30:40,26.1,27.6,27.8,28.0,58.1,22.1,34.0,1.0,,,
2026-05-26 06:30:54,SMOKE,5,2026-05-26 06:30:41,26.0,27.5,27.8,27.9,58.1,22.1,34.0,1.0,,,
2026-05-26 06:30:54,SMOKE,5,2026-05-26 06:30:44,25.7,27.2,27.3,27.4,58.1,22.1,34.0,1.0,,,
2026-05-26 06:30:54,SMOKE,5,2026-05-26 06:30:45,25.7,27.1,27.3,27.3,58.1,22.1,34.0,1.0,,,
2026-05-26 06:30:54,SMOKE,5,2026-05-26 06:30:46,25.7,27.1,27.2,27.3,58.1,22.1,34.0,1.0,,,
2026-05-26 06:30:54,SMOKE,5,2026-05-26 06:30:47,25.7,27.1,27.2,27.2,58.1,22.1,34.0,1.0,,,
2026-05-26 06:30:54,SMOKE,5,2026-05-26 06:30:48,25.8,27.2,27.3,27.4,58.1,22.1,35.0,1.0,,,
2026-05-26 06:30:54,SMOKE,5,2026-05-26 06:30:49,25.8,27.3,27.4,27.5,58.1,22.1,35.0,1.0,,,
2026-05-26 06:30:54,SMOKE,5,2026-05-26 06:30:50,25.9,27.4,27.5,27.6,58.1,22.1,35.0,1.0,,,
2026-05-26 06:30:54,SMOKE,5,2026-05-26 06:30:51,25.9,27.4,27.6,27.7,58.1,22.1,35.0,1.0,,,
2026-05-26 06:30:54,SMOKE,5,2026-05-26 06:30:52,25.9,27.5,27.7,27.8,58.1,22.1,35.0,1.0,,,
2026-05-26 06:30:54,SMOKE,5,2026-05-26 06:30:53,26.0,27.5,27.8,27.9,58.1,22.1,35.0,1.0,,,
2026-05-26 06:30:54,SMOKE,5,2026-05-26 06:30:54,26.0,27.6,27.8,28.0,58.2,22.1,35.0,1.0,,,
