timestamp,state,score,pm1_0,pm2_5,pm4_0,pm10,humidity,temperature,voc,nox,short_avg_pm1_0,short_avg_pm2_5,short_avg_pm4_0,short_avg_pm10,short_avg_humidity,short_avg_temperature,short_avg_voc,short_avg_nox,short_delta_pm1_0,short_delta_pm2_5,short_delta_pm4_0,short_delta_pm10,short_delta_humidity,short_delta_temperature,short_delta_voc,short_delta_nox,long_avg_pm1_0,long_avg_pm2_5,long_avg_pm4_0,long_avg_pm10,long_avg_humidity,long_avg_temperature,long_avg_voc,long_avg_nox,long_delta_pm1_0,long_delta_pm2_5,long_delta_pm4_0,long_delta_pm10,long_delta_humidity,long_delta_temperature,long_delta_voc,long_delta_nox,pm2_5_abs,pm2_5_long_delta,pm1_0_long_delta,pm2_5_spike,pm1_0_spike,pm2_5_short_vs_long,pm_ratio_point,voc_spike,pm_ratio
2026-05-24 10:18:11,SMOKE,4,11.6,12.2,12.2,12.2,60.4,23.2,112.0,1.0,11.0,11.5,11.5,11.5,60.4,23.2,108.6,1.0,0.6,0.7,0.7,0.7,0.0,0.0,3.4,0.0,8.7,9.1,9.1,9.1,60.3,23.2,90.3,1.0,2.9,3.1,3.1,3.1,0.1,0.0,21.7,0.0,True,True,False,False,False,True,True,False,0.95
2026-05-24 10:18:12,SMOKE,4,11.7,12.3,12.3,12.3,60.4,23.2,113.0,1.0,11.0,11.6,11.6,11.6,60.4,23.2,109.0,1.0,0.7,0.7,0.7,0.7,0.0,0.0,4.0,0.0,8.7,9.1,9.1,9.1,60.3,23.2,90.4,1.0,3.0,3.2,3.2,3.2,0.1,0.0,22.6,0.0,True,True,False,False,False,True,True,False,0.95
2026-05-24 10:18:13,SMOKE,6,11.8,12.3,12.3,12.3,60.4,23.2,113.0,1.0,11.1,11.7,11.7,11.7,60.4,23.2,109.5,1.0,0.7,0.6,0.6,0.6,0.0,0.0,3.5,0.0,8.7,9.1,9.1,9.1,60.3,23.2,90.4,1.0,3.1,3.2,3.2,3.2,0.1,0.0,22.6,0.0,True,True,True,False,False,True,True,False,0.96
2026-05-24 10:18:14,SMOKE,6,11.8,12.4,12.4,12.4,60.4,23.2,113.0,1.0,11.2,11.7,11.7,11.7,60.4,23.2,110.0,1.0,0.6,0.7,0.7,0.7,0.0,0.0,3.0,0.0,8.7,9.1,9.1,9.1,60.3,23.2,90.5,1.0,3.1,3.3,3.3,3.3,0.1,0.0,22.5,0.0,True,True,True,False,False,True,True,False,0.95
2026-05-24 10:18:15,SMOKE,6,11.9,12.5,12.5,12.5,60.4,23.2,114.0,1.0,11.3,11.8,11.8,11.8,60.4,23.2,110.4,1.0,0.6,0.7,0.7,0.7,0.0,0.0,3.6,0.0,8.7,9.1,9.1,9.1,60.3,23.2,90.6,1.0,3.2,3.4,3.4,3.4,0.1,0.0,23.4,0.0,True,True,True,False,False,True,True,False,0.95
2026-05-24 10:18:16,SMOKE,6,12.1,12.6,12.6,12.6,60.4,23.2,114.0,1.0,11.3,11.9,11.9,11.9,60.4,23.2,110.9,1.0,0.8,0.7,0.7,0.7,0.0,0.0,3.1,0.0,8.7,9.2,9.2,9.2,60.3,23.2,90.7,1.0,3.4,3.4,3.4,3.4,0.1,0.0,23.3,0.0,True,True,True,False,False,True,True,False,0.96
2026-05-24 10:18:17,SMOKE,6,12.2,12.7,12.7,12.7,60.4,23.2,115.0,1.0,11.4,12.0,12.0,12.0,60.4,23.2,111.4,1.0,0.8,0.7,0.7,0.7,0.0,0.0,3.6,0.0,8.7,9.2,9.2,9.2,60.3,23.2,90.8,1.0,3.5,3.5,3.5,3.5,0.1,0.0,24.2,0.0,True,True,True,False,False,True,True,False,0.96
2026-05-24 10:18:18,SMOKE,6,12.2,12.8,12.8,12.8,60.4,23.2,115.0,1.0,11.5,12.1,12.1,12.1,60.4,23.2,111.9,1.0,0.7,0.7,0.7,0.7,0.0,0.0,3.1,0.0,8.8,9.2,9.2,9.2,60.3,23.2,90.9,1.0,3.4,3.6,3.6,3.6,0.1,0.0,24.1,0.0,True,True,True,False,False,True,True,False,0.95
2026-05-24 10:18:19,SMOKE,6,12.3,12.9,12.9,12.9,60.4,23.2,115.0,1.0,11.6,12.2,12.2,12.2,60.4,23.2,112.3,1.0,0.7,0.7,0.7,0.7,0.0,0.0,2.7,0.0,8.8,9.2,9.2,9.2,60.3,23.2,91.1,1.0,3.5,3.7,3.7,3.7,0.1,0.0,23.9,0.0,True,True,True,False,False,True,True,False,0.95
2026-05-24 10:18:20,SMOKE,6,12.4,13.0,13.0,13.0,60.4,23.2,115.0,1.0,11.7,12.3,12.3,12.3,60.4,23.2,112.7,1.0,0.7,0.7,0.7,0.7,0.0,0.0,2.3,0.0,8.8,9.2,9.2,9.2,60.3,23.2,91.2,1.0,3.6,3.8,3.8,3.8,0.1,0.0,23.8,0.0,True,True,True,False,False,True,True,False,0.95
2026-05-24 10:18:21,SMOKE,6,12.5,13.1,13.1,13.1,60.4,23.2,115.0,1.0,11.8,12.4,12.4,12.4,60.4,23.2,113.1,1.0,0.7,0.7,0.7,0.7,0.0,0.0,1.9,0.0,8.8,9.2,9.2,9.2,60.3,23.2,91.3,1.0,3.7,3.9,3.9,3.9,0.1,0.0,23.7,0.0,True,True,True,False,False,True,True,False,0.95
2026-05-24 10:18:22,SMOKE,6,12.5,13.1,13.1,13.1,60.4,23.2,116.0,1.0,11.9,12.5,12.5,12.5,60.4,23.2,113.4,1.0,0.6,0.6,0.6,0.6,0.0,0.0,2.6,0.0,8.8,9.2,9.2,9.2,60.3,23.2,91.4,1.0,3.7,3.9,3.9,3.9,0.1,0.0,24.6,0.0,True,True,True,False,False,True,True,False,0.95
2026-05-24 10:18:23,SMOKE,6,12.5,13.1,13.1,13.1,60.4,23.2,116.0,1.0,12.0,12.6,12.6,12.6,60.4,23.2,113.8,1.0,0.5,0.5,0.5,0.5,0.0,0.0,2.2,0.0,8.8,9.3,9.3,9.3,60.3,23.2,91.5,1.0,3.7,3.8,3.8,3.8,0.1,0.0,24.5,0.0,True,True,True,False,False,True,True,False,0.95
2026-05-24 10:18:24,SMOKE,6,12.4,13.1,13.1,13.1,60.4,23.2,116.0,1.0,12.1,12.7,12.7,12.7,60.4,23.2,114.1,1.0,0.3,0.4,0.4,0.4,0.0,0.0,1.9,0.0,8.9,9.3,9.3,9.3,60.3,23.2,91.6,1.0,3.5,3.8,3.8,3.8,0.1,0.0,24.4,0.0,True,True,True,False,False,True,True,False,0.95
2026-05-24 10:18:25,SMOKE,6,12.5,13.1,13.1,13.1,60.4,23.2,116.0,1.0,12.1,12.7,12.7,12.7,60.4,23.2,114.4,1.0,0.4,0.4,0.4,0.4,0.0,0.0,1.6,0.0,8.9,9.3,9.3,9.3,60.3,23.2,91.7,1.0,3.6,3.8,3.8,3.8,0.1,0.0,24.3,0.0,True,True,True,False,False,True,True,False,0.95
2026-05-24 10:18:26,SMOKE,6,12.5,13.1,13.1,13.1,60.4,23.2,116.0,1.0,12.2,12.8,12.8,12.8,60.4,23.2,114.7,1.0,0.3,0.3,0.3,0.3,0.0,0.0,1.3,0.0,8.9,9.3,9.3,9.3,60.3,23.2,91.8,1.0,3.6,3.8,3.8,3.8,0.1,0.0,24.2,0.0,True,True,True,False,False,True,True,False,0.95
2026-05-24 10:18:27,SMOKE,6,12.5,13.1,13.1,13.1,60.4,23.2,117.0,1.0,12.3,12.8,12.8,12.8,60.4,23.2,114.9,1.0,0.2,0.3,0.3,0.3,0.0,0.0,2.1,0.0,8.9,9.3,9.3,9.3,60.3,23.2,91.9,1.0,3.6,3.8,3.8,3.8,0.1,0.0,25.1,0.0,True,True,True,False,False,True,True,False,0.95
2026-05-24 10:18:28,SMOKE,6,12.5,13.1,13.1,13.1,60.4,23.2,117.0,1.0,12.3,12.9,12.9,12.9,60.4,23.2,115.2,1.0,0.2,0.2,0.2,0.2,0.0,0.0,1.8,0.0,8.9,9.3,9.3,9.3,60.3,23.2,92.0,1.0,3.6,3.8,3.8,3.8,0.1,0.0,25.0,0.0,True,True,True,False,False,True,True,False,0.95
2026-05-24 10:18:29,SMOKE,6,12.5,13.1,13.1,13.1,60.4,23.2,117.0,1.0,12.4,13.0,13.0,13.0,60.4,23.2,115.5,1.0,0.1,0.1,0.1,0.1,0.0,0.0,1.5,0.0,8.9,9.4,9.4,9.4,60.3,23.2,92.1,1.0,3.6,3.7,3.7,3.7,0.1,0.0,24.9,0.0,True,True,True,False,False,True,True,False,0.95
2026-05-24 10:18:30,SMOKE,6,12.4,13.0,13.0,13.0,60.4,23.2,117.0,1.0,12.4,13.0,13.0,13.0,60.4,23.2,115.7,1.0,0.0,0.0,0.0,0.0,0.0,0.0,1.3,0.0,8.9,9.4,9.4,9.4,60.3,23.2,92.2,1.0,3.5,3.6,3.6,3.6,0.1,0.0,24.8,0.0,True,True,True,False,False,True,True,False,0.95
2026-05-24 10:18:31,SMOKE,6,12.3,12.9,12.9,12.9,60.4,23.2,117.0,1.0,12.4,13.0,13.0,13.0,60.4,23.2,115.9,1.0,-0.1,-0.1,-0.1,-0.1,0.0,0.0,1.1,0.0,9.0,9.4,9.4,9.4,60.3,23.2,92.3,1.0,3.3,3.5,3.5,3.5,0.1,0.0,24.7,0.0,True,True,True,False,False,True,True,False,0.95
2026-05-24 10:18:32,SMOKE,6,12.2,12.8,12.8,12.8,60.4,23.2,118.0,1.0,12.4,13.0,13.0,13.0,60.4,23.2,116.1,1.0,-0.2,-0.2,-0.2,-0.2,0.0,0.0,1.9,0.0,9.0,9.4,9.4,9.4,60.3,23.2,92.4,1.0,3.2,3.4,3.4,3.4,0.1,0.0,25.6,0.0,True,True,True,False,False,True,True,False,0.95
2026-05-24 10:18:33,SMOKE,6,12.2,12.8,12.8,12.8,60.4,23.2,118.0,1.0,12.4,13.0,13.0,13.0,60.4,23.2,116.3,1.0,-0.2,-0.2,-0.2,-0.2,0.0,0.0,1.7,0.0,9.0,9.4,9.4,9.4,60.3,23.2,92.6,1.0,3.2,3.4,3.4,3.4,0.1,0.0,25.4,0.0,True,True,True,False,False,True,True,False,0.95
2026-05-24 10:18:35,SMOKE,6,12.1,12.7,12.7,12.7,60.4,23.2,118.0,1.0,12.4,13.0,13.0,13.0,60.4,23.2,116.5,1.0,-0.3,-0.3,-0.3,-0.3,0.0,0.0,1.5,0.0,9.0,9.4,9.4,9.4,60.3,23.2,92.7,1.0,3.1,3.3,3.3,3.3,0.1,0.0,25.3,0.0,True,True,True,False,False,True,True,False,0.95
2026-05-24 10:18:36,SMOKE,6,12.2,12.8,12.8,12.8,60.4,23.2,118.0,1.0,12.4,13.0,13.0,13.0,60.4,23.2,116.7,1.0,-0.2,-0.2,-0.2,-0.2,0.0,0.0,1.3,0.0,9.0,9.4,9.4,9.4,60.3,23.2,92.8,1.0,3.2,3.4,3.4,3.4,0.1,0.0,25.2,0.0,True,True,True,False,False,True,True,False,0.95
2026-05-24 10:18:37,SMOKE,6,12.2,12.8,12.8,12.8,60.4,23.2,118.0,1.0,12.4,13.0,13.0,13.0,60.4,23.2,116.9,1.0,-0.2,-0.2,-0.2,-0.2,0.0,0.0,1.1,0.0,9.0,9.5,9.5,9.5,60.3,23.2,92.9,1.0,3.2,3.3,3.3,3.3,0.1,0.0,25.1,0.0,True,True,True,False,False,True,True,False,0.95
2026-05-24 10:18:38,SMOKE,6,12.2,12.8,12.8,12.8,60.4,23.2,118.0,1.0,12.4,13.0,13.0,13.0,60.4,23.2,117.1,1.0,-0.2,-0.2,-0.2,-0.2,0.0,0.0,0.9,0.0,9.0,9.5,9.5,9.5,60.3,23.2,93.0,1.0,3.2,3.3,3.3,3.3,0.1,0.0,25.0,0.0,True,True,True,False,False,True,True,False,0.95
2026-05-24 10:18:39,SMOKE,6,12.3,12.9,12.9,12.9,60.4,23.2,118.0,1.0,12.3,12.9,12.9,12.9,60.4,23.2,117.2,1.0,0.0,0.0,0.0,0.0,0.0,0.0,0.8,0.0,9.0,9.5,9.5,9.5,60.3,23.2,93.1,1.0,3.3,3.4,3.4,3.4,0.1,0.0,24.9,0.0,True,True,True,False,False,True,True,False,0.95
2026-05-24 10:18:40,SMOKE,6,12.4,13.0,13.0,13.0,60.4,23.2,118.0,1.0,12.3,12.9,12.9,12.9,60.4,23.2,117.4,1.0,0.1,0.1,0.1,0.1,0.0,0.0,0.6,0.0,9.1,9.5,9.5,9.5,60.3,23.2,93.2,1.0,3.3,3.5,3.5,3.5,0.1,0.0,24.8,0.0,True,True,True,False,False,True,True,False,0.95
2026-05-24 10:18:41,SMOKE,6,12.4,13.0,13.0,13.0,60.4,23.2,119.0,1.0,12.3,12.9,12.9,12.9,60.4,23.2,117.5,1.0,0.1,0.1,0.1,0.1,0.0,0.0,1.5,0.0,9.1,9.5,9.5,9.5,60.3,23.2,93.4,1.0,3.3,3.5,3.5,3.5,0.1,0.0,25.6,0.0,True,True,True,False,False,True,True,False,0.95
2026-05-24 10:18:42,SMOKE,6,12.4,13.0,13.0,13.0,60.4,23.2,119.0,1.0,12.3,12.9,12.9,12.9,60.4,23.2,117.7,1.0,0.1,0.1,0.1,0.1,0.0,0.0,1.3,0.0,9.1,9.5,9.5,9.5,60.3,23.2,93.5,1.0,3.3,3.5,3.5,3.5,0.1,0.0,25.5,0.0,True,True,True,False,False,True,True,False,0.95
2026-05-24 10:18:43,SMOKE,6,12.4,13.0,13.0,13.0,60.4,23.2,119.0,1.0,12.3,12.9,12.9,12.9,60.4,23.2,117.9,1.0,0.1,0.1,0.1,0.1,0.0,0.0,1.1,0.0,9.1,9.5,9.5,9.5,60.3,23.2,93.6,1.0,3.3,3.5,3.5,3.5,0.1,0.0,25.4,0.0,True,True,True,False,False,True,True,False,0.95
2026-05-24 10:18:44,SMOKE,6,12.5,13.1,13.1,13.1,60.4,23.2,119.0,1.0,12.3,12.9,12.9,12.9,60.4,23.2,118.0,1.0,0.2,0.2,0.2,0.2,0.0,0.0,1.0,0.0,9.1,9.6,9.6,9.6,60.3,23.2,93.7,1.0,3.4,3.5,3.5,3.5,0.1,0.0,25.3,0.0,True,True,True,False,False,True,True,False,0.95
2026-05-24 10:18:45,SMOKE,6,12.6,13.2,13.2,13.2,60.4,23.2,120.0,1.0,12.3,12.9,12.9,12.9,60.4,23.2,118.1,1.0,0.3,0.3,0.3,0.3,0.0,0.0,1.9,0.0,9.1,9.6,9.6,9.6,60.3,23.2,93.8,1.0,3.5,3.6,3.6,3.6,0.1,0.0,26.2,0.0,True,True,True,False,False,True,True,False,0.95
2026-05-24 10:18:46,SMOKE,6,12.6,13.2,13.2,13.2,60.4,23.2,120.0,1.0,12.3,12.9,12.9,12.9,60.4,23.2,118.4,1.0,0.3,0.3,0.3,0.3,0.0,0.0,1.6,0.0,9.1,9.6,9.6,9.6,60.3,23.2,93.9,1.0,3.5,3.6,3.6,3.6,0.1,0.0,26.1,0.0,True,True,True,False,False,True,True,False,0.95
2026-05-24 10:18:47,SMOKE,6,12.6,13.2,13.2,13.2,60.4,23.2,120.0,1.0,12.3,12.9,12.9,12.9,60.4,23.2,118.6,1.0,0.3,0.3,0.3,0.3,0.0,0.0,1.4,0.0,9.2,9.6,9.6,9.6,60.3,23.2,94.1,1.0,3.4,3.6,3.6,3.6,0.1,0.0,25.9,0.0,True,True,True,False,False,True,True,False,0.95
2026-05-24 10:18:48,SMOKE,6,12.5,13.1,13.1,13.1,60.4,23.2,120.0,1.0,12.4,13.0,13.0,13.0,60.4,23.2,118.7,1.0,0.1,0.1,0.1,0.1,0.0,0.0,1.3,0.0,9.2,9.6,9.6,9.6,60.3,23.2,94.2,1.0,3.3,3.5,3.5,3.5,0.1,0.0,25.8,0.0,True,True,True,False,False,True,True,False,0.95
2026-05-24 10:18:49,SMOKE,6,12.5,13.1,13.1,13.1,60.4,23.2,120.0,1.0,12.4,13.0,13.0,13.0,60.4,23.2,118.9,1.0,0.1,0.1,0.1,0.1,0.0,0.0,1.1,0.0,9.2,9.6,9.6,9.6,60.3,23.2,94.3,1.0,3.3,3.5,3.5,3.5,0.1,0.0,25.7,0.0,True,True,True,False,False,True,True,False,0.95
2026-05-24 10:18:50,SMOKE,6,12.5,13.1,13.1,13.1,60.4,23.2,120.0,1.0,12.4,13.0,13.0,13.0,60.4,23.2,119.0,1.0,0.1,0.1,0.1,0.1,0.0,0.0,1.0,0.0,9.2,9.7,9.7,9.7,60.3,23.2,94.4,1.0,3.3,3.4,3.4,3.4,0.1,0.0,25.6,0.0,True,True,True,False,False,True,True,False,0.95
2026-05-24 10:18:51,SMOKE,6,12.4,13.0,13.0,13.0,60.4,23.2,120.0,1.0,12.4,13.0,13.0,13.0,60.4,23.2,119.1,1.0,0.0,0.0,0.0,0.0,0.0,0.0,0.9,0.0,9.2,9.7,9.7,9.7,60.3,23.2,94.5,1.0,3.2,3.3,3.3,3.3,0.1,0.0,25.5,0.0,True,True,True,False,False,True,True,False,0.95
2026-05-24 10:18:52,SMOKE,6,12.5,13.1,13.1,13.1,60.4,23.2,120.0,1.0,12.5,13.0,13.0,13.0,60.4,23.2,119.3,1.0,0.0,0.1,0.1,0.1,0.0,0.0,0.7,0.0,9.2,9.7,9.7,9.7,60.3,23.2,94.7,1.0,3.3,3.4,3.4,3.4,0.1,0.0,25.3,0.0,True,True,True,False,False,True,True,False,0.95
2026-05-24 10:18:53,SMOKE,6,12.5,13.1,13.1,13.1,60.4,23.2,120.0,1.0,12.5,13.1,13.1,13.1,60.4,23.2,119.4,1.0,0.0,0.0,0.0,0.0,0.0,0.0,0.6,0.0,9.3,9.7,9.7,9.7,60.3,23.2,94.8,1.0,3.2,3.4,3.4,3.4,0.1,0.0,25.2,0.0,True,True,True,False,False,True,True,False,0.95
2026-05-24 10:18:54,SMOKE,6,12.4,13.0,13.0,13.0,60.4,23.2,120.0,1.0,12.5,13.1,13.1,13.1,60.4,23.2,119.6,1.0,-0.1,-0.1,-0.1,-0.1,0.0,0.0,0.4,0.0,9.3,9.7,9.7,9.7,60.3,23.2,94.9,1.0,3.1,3.3,3.3,3.3,0.1,0.0,25.1,0.0,True,True,True,False,False,True,True,False,0.95
2026-05-24 10:18:55,SMOKE,6,12.4,13.0,13.0,13.0,60.4,23.2,120.0,1.0,12.5,13.1,13.1,13.1,60.4,23.2,119.7,1.0,-0.1,-0.1,-0.1,-0.1,0.0,0.0,0.3,0.0,9.3,9.7,9.7,9.7,60.3,23.2,95.0,1.0,3.1,3.3,3.3,3.3,0.1,0.0,25.0,0.0,True,True,True,False,False,True,True,False,0.95
2026-05-24 10:18:56,SMOKE,4,12.3,12.9,12.9,12.9,60.4,23.2,120.0,1.0,12.5,13.1,13.1,13.1,60.4,23.2,119.8,1.0,-0.2,-0.2,-0.2,-0.2,0.0,0.0,0.2,0.0,9.3,9.8,9.8,9.8,60.3,23.2,95.1,1.0,3.0,3.1,3.1,3.1,0.1,0.0,24.9,0.0,True,True,False,False,False,True,True,False,0.95
2026-05-24 10:20:01,SMOKE,4,13.0,13.7,13.7,13.7,60.6,23.2,130.0,1.0,12.6,13.3,13.3,13.3,60.5,23.2,128.6,1.0,0.4,0.4,0.4,0.4,0.1,0.0,1.4,0.0,10.1,10.6,10.6,10.6,60.4,23.2,103.2,1.0,2.9,3.1,3.1,3.1,0.2,0.0,26.8,0.0,True,True,False,False,False,True,True,False,0.95
2026-05-24 10:20:13,SMOKE,4,13.4,14.0,14.0,14.0,60.6,23.2,131.0,1.0,13.1,13.7,13.7,13.7,60.6,23.2,130.4,1.0,0.3,0.3,0.3,0.3,0.0,0.0,0.6,0.0,10.4,10.9,10.9,10.9,60.4,23.2,105.0,1.0,3.0,3.1,3.1,3.1,0.2,0.0,26.0,0.0,True,True,False,False,False,True,True,False,0.96
2026-05-24 10:20:14,SMOKE,4,13.4,14.0,14.0,14.0,60.6,23.2,131.0,1.0,13.1,13.7,13.7,13.7,60.6,23.2,130.5,1.0,0.3,0.3,0.3,0.3,0.0,0.0,0.5,0.0,10.4,10.9,10.9,10.9,60.4,23.2,105.1,1.0,3.0,3.1,3.1,3.1,0.2,0.0,25.9,0.0,True,True,False,False,False,True,True,False,0.96
2026-05-24 10:20:15,SMOKE,4,13.4,14.1,14.1,14.1,60.6,23.2,132.0,1.0,13.1,13.8,13.8,13.8,60.6,23.2,130.6,1.0,0.3,0.3,0.3,0.3,0.0,0.0,1.4,0.0,10.4,10.9,10.9,10.9,60.4,23.2,105.3,1.0,3.0,3.2,3.2,3.2,0.2,0.0,26.7,0.0,True,True,False,False,False,True,True,False,0.95
2026-05-24 10:20:16,SMOKE,6,13.6,14.2,14.2,14.2,60.6,23.2,132.0,1.0,13.2,13.8,13.8,13.8,60.6,23.2,130.7,1.0,0.4,0.4,0.4,0.4,0.0,0.0,1.3,0.0,10.4,10.9,10.9,10.9,60.4,23.2,105.4,1.0,3.2,3.3,3.3,3.3,0.2,0.0,26.6,0.0,True,True,True,False,False,True,True,False,0.96
2026-05-24 10:20:17,SMOKE,6,13.6,14.3,14.3,14.3,60.6,23.2,132.0,1.0,13.2,13.8,13.8,13.8,60.6,23.2,130.9,1.0,0.4,0.5,0.5,0.5,0.0,0.0,1.1,0.0,10.5,11.0,11.0,11.0,60.4,23.2,105.6,1.0,3.1,3.3,3.3,3.3,0.2,0.0,26.4,0.0,True,True,True,False,False,True,True,False,0.95
2026-05-24 10:20:18,SMOKE,6,13.8,14.4,14.4,14.4,60.6,23.2,132.0,1.0,13.2,13.9,13.9,13.9,60.6,23.2,131.0,1.0,0.6,0.5,0.5,0.5,0.0,0.0,1.0,0.0,10.5,11.0,11.0,11.0,60.4,23.2,105.7,1.0,3.3,3.4,3.4,3.4,0.2,0.0,26.3,0.0,True,True,True,False,False,True,True,False,0.96
2026-05-24 10:20:19,SMOKE,6,13.7,14.4,14.4,14.4,60.6,23.2,132.0,1.0,13.3,13.9,13.9,13.9,60.6,23.2,131.1,1.0,0.4,0.5,0.5,0.5,0.0,0.0,0.9,0.0,10.5,11.0,11.0,11.0,60.4,23.2,105.9,1.0,3.2,3.4,3.4,3.4,0.2,0.0,26.1,0.0,True,True,True,False,False,True,True,False,0.95
2026-05-24 10:20:20,SMOKE,6,13.7,14.4,14.4,14.4,60.6,23.2,132.0,1.0,13.3,14.0,14.0,14.0,60.6,23.2,131.3,1.0,0.4,0.4,0.4,0.4,0.0,0.0,0.7,0.0,10.5,11.0,11.0,11.0,60.4,23.2,106.0,1.0,3.2,3.4,3.4,3.4,0.2,0.0,26.0,0.0,True,True,True,False,False,True,True,False,0.95
2026-05-24 10:20:21,SMOKE,6,13.7,14.3,14.3,14.3,60.6,23.2,133.0,1.0,13.4,14.0,14.0,14.0,60.6,23.2,131.4,1.0,0.3,0.3,0.3,0.3,0.0,0.0,1.6,0.0,10.5,11.1,11.1,11.1,60.4,23.2,106.2,1.0,3.2,3.2,3.2,3.2,0.2,0.0,26.8,0.0,True,True,True,False,False,True,True,False,0.96
2026-05-24 10:20:22,SMOKE,4,13.6,14.3,14.3,14.3,60.6,23.2,133.0,1.0,13.4,14.1,14.1,14.1,60.6,23.2,131.6,1.0,0.2,0.2,0.2,0.2,0.0,0.0,1.4,0.0,10.6,11.1,11.1,11.1,60.4,23.2,106.4,1.0,3.0,3.2,3.2,3.2,0.2,0.0,26.6,0.0,True,True,False,False,False,True,True,False,0.95
2026-05-24 10:20:23,SMOKE,4,13.6,14.3,14.3,14.3,60.6,23.2,133.0,1.0,13.5,14.1,14.1,14.1,60.6,23.2,131.7,1.0,0.1,0.2,0.2,0.2,0.0,0.0,1.3,0.0,10.6,11.1,11.1,11.1,60.4,23.2,106.5,1.0,3.0,3.2,3.2,3.2,0.2,0.0,26.5,0.0,True,True,False,False,False,True,True,False,0.95
2026-05-24 10:20:24,SMOKE,4,13.6,14.2,14.2,14.2,60.6,23.2,133.0,1.0,13.5,14.2,14.2,14.2,60.6,23.2,131.9,1.0,0.1,0.0,0.0,0.0,0.0,0.0,1.1,0.0,10.6,11.1,11.1,11.1,60.4,23.2,106.7,1.0,3.0,3.1,3.1,3.1,0.2,0.0,26.3,0.0,True,True,False,False,False,True,True,False,0.96
2026-05-24 10:20:25,SMOKE,4,13.5,14.2,14.2,14.2,60.6,23.2,133.0,1.0,13.5,14.2,14.2,14.2,60.6,23.2,132.0,1.0,0.0,0.0,0.0,0.0,0.0,0.0,1.0,0.0,10.6,11.1,11.1,11.1,60.4,23.2,106.8,1.0,2.9,3.1,3.1,3.1,0.2,0.0,26.2,0.0,True,True,False,False,False,True,True,False,0.95
2026-05-24 10:20:26,SMOKE,4,13.5,14.2,14.2,14.2,60.6,23.2,134.0,1.0,13.6,14.2,14.2,14.2,60.6,23.2,132.1,1.0,-0.1,0.0,0.0,0.0,0.0,0.0,1.9,0.0,10.6,11.1,11.1,11.1,60.4,23.2,107.0,1.0,2.9,3.1,3.1,3.1,0.2,0.0,27.0,0.0,True,True,False,False,False,True,True,False,0.95
