timestamp,state,score,pm1_0,pm2_5,pm4_0,pm10,sen55_humidity,sen55_temperature,voc,nox,co2,scd41_temperature,scd41_humidity,short_avg_pm1_0,short_avg_pm2_5,short_avg_pm4_0,short_avg_pm10,short_avg_sen55_humidity,short_avg_sen55_temperature,short_avg_voc,short_avg_nox,short_avg_co2,short_avg_scd41_temperature,short_avg_scd41_humidity,short_delta_pm1_0,short_delta_pm2_5,short_delta_pm4_0,short_delta_pm10,short_delta_sen55_humidity,short_delta_sen55_temperature,short_delta_voc,short_delta_nox,short_delta_co2,short_delta_scd41_temperature,short_delta_scd41_humidity,long_avg_pm1_0,long_avg_pm2_5,long_avg_pm4_0,long_avg_pm10,long_avg_sen55_humidity,long_avg_sen55_temperature,long_avg_voc,long_avg_nox,long_avg_co2,long_avg_scd41_temperature,long_avg_scd41_humidity,long_delta_pm1_0,long_delta_pm2_5,long_delta_pm4_0,long_delta_pm10,long_delta_sen55_humidity,long_delta_sen55_temperature,long_delta_voc,long_delta_nox,long_delta_co2,long_delta_scd41_temperature,long_delta_scd41_humidity,pm2_5_abs,pm2_5_long_delta,pm1_0_long_delta,pm2_5_spike,pm1_0_spike,pm2_5_short_vs_long,pm_ratio_criteria,voc_spike,pm_ratio
2026-05-27 05:19:36,SMOKE,4,12.0,12.6,12.6,12.6,59.2,24.6,58.0,2.0,,,,11.0,11.6,11.6,11.6,59.1,24.6,58.0,2.0,,,,1.0,1.0,1.0,1.0,0.1,0.0,0.0,0.0,,,,9.0,9.5,9.5,9.5,59.1,24.6,62.3,2.0,,,,3.0,3.1,3.1,3.1,0.1,0.0,-4.3,0.0,,,,True,True,False,False,False,True,True,False,0.95
2026-05-27 05:19:39,SMOKE,10,14.5,15.2,15.2,15.2,59.2,24.6,58.0,2.0,,,,11.1,11.7,11.7,11.7,59.1,24.6,58.0,2.0,,,,3.4,3.5,3.5,3.5,0.1,0.0,0.0,0.0,,,,9.0,9.5,9.5,9.5,59.1,24.6,62.3,2.0,,,,5.5,5.7,5.7,5.7,0.1,0.0,-4.3,0.0,,,,True,True,True,True,True,True,True,False,0.95
2026-05-27 05:19:40,SMOKE,10,15.5,16.3,16.3,16.3,59.2,24.6,58.0,2.0,,,,11.4,12.0,12.0,12.0,59.1,24.6,58.0,2.0,,,,4.1,4.3,4.3,4.3,0.1,0.0,0.0,0.0,,,,9.1,9.5,9.5,9.5,59.1,24.6,62.2,2.0,,,,6.4,6.8,6.8,6.8,0.1,0.0,-4.2,0.0,,,,True,True,True,True,True,True,True,False,0.95
2026-05-27 05:19:41,SMOKE,10,16.8,17.6,17.6,17.6,59.2,24.6,58.0,2.0,,,,11.7,12.3,12.3,12.3,59.1,24.6,58.0,2.0,,,,5.1,5.3,5.3,5.3,0.1,0.0,0.0,0.0,,,,9.1,9.5,9.5,9.5,59.1,24.6,62.2,2.0,,,,7.7,8.1,8.1,8.1,0.1,0.0,-4.2,0.0,,,,True,True,True,True,True,True,True,False,0.95
2026-05-27 05:19:42,SMOKE,10,17.8,18.6,18.6,18.6,59.2,24.6,58.0,2.0,,,,12.2,12.8,12.8,12.8,59.1,24.6,58.0,2.0,,,,5.6,5.8,5.8,5.8,0.1,0.0,0.0,0.0,,,,9.1,9.5,9.5,9.5,59.1,24.6,62.2,2.0,,,,8.7,9.1,9.1,9.1,0.1,0.0,-4.2,0.0,,,,True,True,True,True,True,True,True,False,0.96
2026-05-27 05:19:43,SMOKE,10,18.4,19.3,19.3,19.3,59.2,24.6,58.0,2.0,,,,12.7,13.3,13.3,13.3,59.1,24.6,58.0,2.0,,,,5.7,6.0,6.0,6.0,0.1,0.0,0.0,0.0,,,,9.1,9.6,9.6,9.6,59.1,24.6,62.1,2.0,,,,9.3,9.7,9.7,9.7,0.1,0.0,-4.1,0.0,,,,True,True,True,True,True,True,True,False,0.95
2026-05-27 05:19:44,SMOKE,10,18.9,19.8,19.8,19.8,59.2,24.6,58.0,2.0,,,,13.2,13.8,13.8,13.8,59.1,24.6,58.0,2.0,,,,5.7,6.0,6.0,6.0,0.1,0.0,0.0,0.0,,,,9.2,9.6,9.6,9.6,59.1,24.6,62.1,2.0,,,,9.7,10.2,10.2,10.2,0.1,0.0,-4.1,0.0,,,,True,True,True,True,True,True,True,False,0.95
2026-05-27 05:19:45,SMOKE,10,19.1,20.0,20.0,20.0,59.2,24.6,58.0,2.0,,,,13.7,14.4,14.4,14.4,59.2,24.6,58.0,2.0,,,,5.4,5.6,5.6,5.6,0.0,0.0,0.0,0.0,,,,9.2,9.6,9.6,9.6,59.1,24.6,62.1,2.0,,,,9.9,10.4,10.4,10.4,0.1,0.0,-4.1,0.0,,,,True,True,True,True,True,True,True,False,0.96
2026-05-27 05:19:46,SMOKE,10,19.4,20.3,20.3,20.3,59.2,24.6,58.0,2.0,,,,14.3,15.0,15.0,15.0,59.2,24.6,58.0,2.0,,,,5.1,5.3,5.3,5.3,0.0,0.0,0.0,0.0,,,,9.2,9.7,9.7,9.7,59.1,24.6,62.0,2.0,,,,10.2,10.6,10.6,10.6,0.1,0.0,-4.0,0.0,,,,True,True,True,True,True,True,True,False,0.96
2026-05-27 05:19:47,SMOKE,10,19.7,20.7,20.7,20.7,59.2,24.6,58.0,2.0,,,,14.9,15.6,15.6,15.6,59.2,24.6,58.0,2.0,,,,4.8,5.1,5.1,5.1,0.0,0.0,0.0,0.0,,,,9.3,9.7,9.7,9.7,59.1,24.6,62.0,2.0,,,,10.4,11.0,11.0,11.0,0.1,0.0,-4.0,0.0,,,,True,True,True,True,True,True,True,False,0.95
2026-05-27 05:19:48,SMOKE,10,19.9,20.9,20.9,20.9,59.2,24.6,58.0,2.0,,,,15.5,16.3,16.3,16.3,59.2,24.6,58.0,2.0,,,,4.4,4.6,4.6,4.6,0.0,0.0,0.0,0.0,,,,9.3,9.8,9.8,9.8,59.1,24.6,62.0,2.0,,,,10.6,11.1,11.1,11.1,0.1,0.0,-4.0,0.0,,,,True,True,True,True,True,True,True,False,0.95
2026-05-27 05:19:49,SMOKE,10,20.1,21.1,21.1,21.1,59.2,24.6,58.0,2.0,,,,16.2,16.9,16.9,16.9,59.2,24.6,58.0,2.0,,,,3.9,4.2,4.2,4.2,0.0,0.0,0.0,0.0,,,,9.3,9.8,9.8,9.8,59.1,24.6,61.9,2.0,,,,10.8,11.3,11.3,11.3,0.1,0.0,-3.9,0.0,,,,True,True,True,True,True,True,True,False,0.95
2026-05-27 05:19:50,SMOKE,10,20.3,21.3,21.3,21.3,59.2,24.6,58.0,2.0,,,,16.8,17.6,17.6,17.6,59.2,24.6,58.0,2.0,,,,3.5,3.7,3.7,3.7,0.0,0.0,0.0,0.0,,,,9.4,9.8,9.8,9.8,59.1,24.6,61.9,2.0,,,,10.9,11.5,11.5,11.5,0.1,0.0,-3.9,0.0,,,,True,True,True,True,True,True,True,False,0.95
2026-05-27 05:19:51,SMOKE,10,20.5,21.5,21.5,21.5,59.2,24.6,58.0,2.0,,,,17.4,18.3,18.3,18.3,59.2,24.6,58.0,2.0,,,,3.1,3.2,3.2,3.2,0.0,0.0,0.0,0.0,,,,9.4,9.9,9.9,9.9,59.1,24.6,61.9,2.0,,,,11.1,11.6,11.6,11.6,0.1,0.0,-3.9,0.0,,,,True,True,True,True,True,True,True,False,0.95
2026-05-27 05:19:52,SMOKE,10,20.6,21.6,21.6,21.6,59.2,24.6,58.0,2.0,,,,18.1,18.9,18.9,18.9,59.2,24.6,58.0,2.0,,,,2.5,2.7,2.7,2.7,0.0,0.0,0.0,0.0,,,,9.5,9.9,9.9,9.9,59.1,24.6,61.8,2.0,,,,11.1,11.7,11.7,11.7,0.1,0.0,-3.8,0.0,,,,True,True,True,True,True,True,True,False,0.95
2026-05-27 05:19:53,SMOKE,10,20.9,21.9,21.9,21.9,59.2,24.6,58.0,2.0,,,,18.7,19.6,19.6,19.6,59.2,24.6,58.0,2.0,,,,2.2,2.3,2.3,2.3,0.0,0.0,0.0,0.0,,,,9.5,10.0,10.0,10.0,59.1,24.6,61.8,2.0,,,,11.4,11.9,11.9,11.9,0.1,0.0,-3.8,0.0,,,,True,True,True,True,True,True,True,False,0.95
2026-05-27 05:19:54,SMOKE,10,21.1,22.1,22.1,22.1,59.2,24.6,58.0,2.0,,,,19.1,20.1,20.1,20.1,59.2,24.6,58.0,2.0,,,,2.0,2.0,2.0,2.0,0.0,0.0,0.0,0.0,,,,9.5,10.0,10.0,10.0,59.1,24.6,61.8,2.0,,,,11.6,12.1,12.1,12.1,0.1,0.0,-3.8,0.0,,,,True,True,True,True,True,True,True,False,0.95
2026-05-27 05:19:55,SMOKE,10,21.2,22.2,22.2,22.2,59.2,24.6,58.0,2.0,,,,19.5,20.5,20.5,20.5,59.2,24.6,58.0,2.0,,,,1.7,1.7,1.7,1.7,0.0,0.0,0.0,0.0,,,,9.6,10.1,10.1,10.1,59.1,24.6,61.7,2.0,,,,11.6,12.1,12.1,12.1,0.1,0.0,-3.7,0.0,,,,True,True,True,True,True,True,True,False,0.95
2026-05-27 05:19:56,SMOKE,10,21.3,22.4,22.4,22.4,59.2,24.6,58.0,2.0,,,,19.8,20.8,20.8,20.8,59.2,24.6,58.0,2.0,,,,1.5,1.6,1.6,1.6,0.0,0.0,0.0,0.0,,,,9.6,10.1,10.1,10.1,59.1,24.6,61.7,2.0,,,,11.7,12.3,12.3,12.3,0.1,0.0,-3.7,0.0,,,,True,True,True,True,True,True,True,False,0.95
2026-05-27 05:19:57,SMOKE,10,21.4,22.4,22.4,22.4,59.2,24.6,58.0,2.0,,,,20.1,21.1,21.1,21.1,59.2,24.6,58.0,2.0,,,,1.3,1.3,1.3,1.3,0.0,0.0,0.0,0.0,,,,9.7,10.1,10.1,10.1,59.1,24.6,61.7,2.0,,,,11.7,12.3,12.3,12.3,0.1,0.0,-3.7,0.0,,,,True,True,True,True,True,True,True,False,0.96
2026-05-27 05:19:58,SMOKE,10,21.6,22.7,22.7,22.7,59.2,24.6,58.0,2.0,,,,20.3,21.3,21.3,21.3,59.2,24.6,58.0,2.0,,,,1.3,1.4,1.4,1.4,0.0,0.0,0.0,0.0,,,,9.7,10.2,10.2,10.2,59.1,24.6,61.6,2.0,,,,11.9,12.5,12.5,12.5,0.1,0.0,-3.6,0.0,,,,True,True,True,True,True,True,True,False,0.95
2026-05-27 05:19:59,SMOKE,10,22.0,23.0,23.0,23.0,59.2,24.6,58.0,2.0,,,,20.5,21.5,21.5,21.5,59.2,24.6,58.0,2.0,,,,1.5,1.5,1.5,1.5,0.0,0.0,0.0,0.0,,,,9.8,10.2,10.2,10.2,59.1,24.6,61.6,2.0,,,,12.2,12.8,12.8,12.8,0.1,0.0,-3.6,0.0,,,,True,True,True,True,True,True,True,False,0.96
2026-05-27 05:20:00,SMOKE,10,22.2,23.2,23.2,23.2,59.1,24.6,58.0,2.0,,,,20.7,21.7,21.7,21.7,59.2,24.6,58.0,2.0,,,,1.5,1.5,1.5,1.5,-0.1,0.0,0.0,0.0,,,,9.8,10.3,10.3,10.3,59.1,24.6,61.6,2.0,,,,12.4,12.9,12.9,12.9,0.0,0.0,-3.6,0.0,,,,True,True,True,True,True,True,True,False,0.96
2026-05-27 05:20:01,SMOKE,10,22.2,23.3,23.3,23.3,59.1,24.6,58.0,2.0,,,,20.9,21.9,21.9,21.9,59.2,24.6,58.0,2.0,,,,1.3,1.4,1.4,1.4,-0.1,0.0,0.0,0.0,,,,9.8,10.3,10.3,10.3,59.1,24.6,61.5,2.0,,,,12.4,13.0,13.0,13.0,0.0,0.0,-3.5,0.0,,,,True,True,True,True,True,True,True,False,0.95
2026-05-27 05:20:02,SMOKE,10,22.3,23.4,23.4,23.4,59.1,24.6,58.0,2.0,,,,21.1,22.1,22.1,22.1,59.2,24.6,58.0,2.0,,,,1.2,1.3,1.3,1.3,-0.1,0.0,0.0,0.0,,,,9.9,10.4,10.4,10.4,59.1,24.6,61.5,2.0,,,,12.4,13.0,13.0,13.0,0.0,0.0,-3.5,0.0,,,,True,True,True,True,True,True,True,False,0.95
2026-05-27 05:20:03,SMOKE,10,22.4,23.5,23.5,23.5,59.2,24.6,58.0,2.0,,,,21.3,22.3,22.3,22.3,59.2,24.6,58.0,2.0,,,,1.1,1.2,1.2,1.2,0.0,0.0,0.0,0.0,,,,9.9,10.4,10.4,10.4,59.1,24.6,61.5,2.0,,,,12.5,13.1,13.1,13.1,0.1,0.0,-3.5,0.0,,,,True,True,True,True,True,True,True,False,0.95
2026-05-27 05:20:04,SMOKE,10,23.0,24.1,24.1,24.1,59.1,24.6,58.0,2.0,,,,21.4,22.5,22.5,22.5,59.2,24.6,58.0,2.0,,,,1.6,1.6,1.6,1.6,-0.1,0.0,0.0,0.0,,,,10.0,10.5,10.5,10.5,59.1,24.6,61.4,2.0,,,,13.0,13.6,13.6,13.6,0.0,0.0,-3.4,0.0,,,,True,True,True,True,True,True,True,False,0.95
2026-05-27 05:20:05,SMOKE,10,23.7,24.8,24.8,24.8,59.2,24.6,58.0,2.0,,,,21.6,22.7,22.7,22.7,59.2,24.6,58.0,2.0,,,,2.1,2.1,2.1,2.1,0.0,0.0,0.0,0.0,,,,10.0,10.5,10.5,10.5,59.1,24.6,61.4,2.0,,,,13.7,14.3,14.3,14.3,0.1,0.0,-3.4,0.0,,,,True,True,True,True,True,True,True,False,0.96
2026-05-27 05:20:06,SMOKE,10,23.9,25.1,25.1,25.1,59.1,24.6,58.0,2.0,,,,21.8,22.9,22.9,22.9,59.2,24.6,58.0,2.0,,,,2.1,2.2,2.2,2.2,-0.1,0.0,0.0,0.0,,,,10.1,10.6,10.6,10.6,59.1,24.6,61.4,2.0,,,,13.8,14.5,14.5,14.5,0.0,0.0,-3.4,0.0,,,,True,True,True,True,True,True,True,False,0.95
2026-05-27 05:20:07,SMOKE,10,23.4,24.5,24.5,24.5,59.1,24.6,58.0,2.0,,,,22.1,23.2,23.2,23.2,59.2,24.6,58.0,2.0,,,,1.3,1.3,1.3,1.3,-0.1,0.0,0.0,0.0,,,,10.1,10.6,10.6,10.6,59.1,24.6,61.3,2.0,,,,13.3,13.9,13.9,13.9,0.0,0.0,-3.3,0.0,,,,True,True,True,True,True,True,True,False,0.96
2026-05-27 05:20:08,SMOKE,10,22.5,23.6,23.6,23.6,59.1,24.6,58.0,2.0,,,,22.3,23.3,23.3,23.3,59.2,24.6,58.0,2.0,,,,0.2,0.3,0.3,0.3,-0.1,0.0,0.0,0.0,,,,10.2,10.7,10.7,10.7,59.1,24.6,61.3,2.0,,,,12.3,12.9,12.9,12.9,0.0,0.0,-3.3,0.0,,,,True,True,True,True,True,True,True,False,0.95
2026-05-27 05:20:09,SMOKE,10,21.8,22.9,22.9,22.9,59.1,24.6,58.0,2.0,,,,22.4,23.4,23.4,23.4,59.1,24.6,58.0,2.0,,,,-0.6,-0.5,-0.5,-0.5,0.0,0.0,0.0,0.0,,,,10.2,10.7,10.7,10.7,59.1,24.6,61.3,2.0,,,,11.6,12.2,12.2,12.2,0.0,0.0,-3.3,0.0,,,,True,True,True,True,True,True,True,False,0.95
2026-05-27 05:20:11,SMOKE,10,21.0,22.1,22.1,22.1,59.1,24.6,58.0,2.0,,,,22.4,23.5,23.5,23.5,59.1,24.6,58.0,2.0,,,,-1.4,-1.4,-1.4,-1.4,0.0,0.0,0.0,0.0,,,,10.3,10.8,10.8,10.8,59.1,24.6,61.2,2.0,,,,10.7,11.3,11.3,11.3,0.0,0.0,-3.2,0.0,,,,True,True,True,True,True,True,True,False,0.95
2026-05-27 05:20:12,SMOKE,10,20.2,21.2,21.2,21.2,59.1,24.6,58.0,2.0,,,,22.4,23.5,23.5,23.5,59.1,24.6,58.0,2.0,,,,-2.2,-2.3,-2.3,-2.3,0.0,0.0,0.0,0.0,,,,10.3,10.8,10.8,10.8,59.1,24.6,61.2,2.0,,,,9.9,10.4,10.4,10.4,0.0,0.0,-3.2,0.0,,,,True,True,True,True,True,True,True,False,0.95
2026-05-27 05:20:13,SMOKE,10,19.5,20.4,20.4,20.4,59.1,24.6,58.0,2.0,,,,22.3,23.4,23.4,23.4,59.1,24.6,58.0,2.0,,,,-2.8,-3.0,-3.0,-3.0,0.0,0.0,0.0,0.0,,,,10.3,10.9,10.9,10.9,59.1,24.6,61.2,2.0,,,,9.2,9.5,9.5,9.5,0.0,0.0,-3.2,0.0,,,,True,True,True,True,True,True,True,False,0.96
2026-05-27 05:20:14,SMOKE,10,19.0,19.9,19.9,19.9,59.1,24.6,58.0,2.0,,,,22.2,23.2,23.2,23.2,59.1,24.6,58.0,2.0,,,,-3.2,-3.3,-3.3,-3.3,0.0,0.0,0.0,0.0,,,,10.4,10.9,10.9,10.9,59.1,24.6,61.1,2.0,,,,8.6,9.0,9.0,9.0,0.0,0.0,-3.1,0.0,,,,True,True,True,True,True,True,True,False,0.95
2026-05-27 05:20:15,SMOKE,10,18.8,19.7,19.7,19.7,59.1,24.6,58.0,2.0,,,,21.9,23.0,23.0,23.0,59.1,24.6,58.0,2.0,,,,-3.1,-3.3,-3.3,-3.3,0.0,0.0,0.0,0.0,,,,10.4,10.9,10.9,10.9,59.1,24.6,61.1,2.0,,,,8.4,8.8,8.8,8.8,0.0,0.0,-3.1,0.0,,,,True,True,True,True,True,True,True,False,0.95
2026-05-27 05:20:16,SMOKE,10,18.9,19.8,19.8,19.8,59.1,24.6,58.0,2.0,,,,21.7,22.8,22.8,22.8,59.1,24.6,58.0,2.0,,,,-2.8,-3.0,-3.0,-3.0,0.0,0.0,0.0,0.0,,,,10.4,11.0,11.0,11.0,59.1,24.6,61.1,2.0,,,,8.5,8.8,8.8,8.8,0.0,0.0,-3.1,0.0,,,,True,True,True,True,True,True,True,False,0.95
2026-05-27 05:20:17,SMOKE,10,19.6,20.6,20.6,20.6,59.1,24.6,58.0,2.0,,,,21.5,22.5,22.5,22.5,59.1,24.6,58.0,2.0,,,,-1.9,-1.9,-1.9,-1.9,0.0,0.0,0.0,0.0,,,,10.5,11.0,11.0,11.0,59.1,24.6,61.0,2.0,,,,9.1,9.6,9.6,9.6,0.0,0.0,-3.0,0.0,,,,True,True,True,True,True,True,True,False,0.95
2026-05-27 05:20:18,SMOKE,10,22.3,23.3,23.3,23.3,59.1,24.6,58.0,2.0,,,,21.3,22.3,22.3,22.3,59.1,24.6,58.0,2.0,,,,1.0,1.0,1.0,1.0,0.0,0.0,0.0,0.0,,,,10.5,11.0,11.0,11.0,59.1,24.6,61.0,2.0,,,,11.8,12.3,12.3,12.3,0.0,0.0,-3.0,0.0,,,,True,True,True,True,True,True,True,False,0.96
2026-05-27 05:20:19,SMOKE,10,24.1,25.3,25.3,25.3,59.1,24.6,58.0,2.0,,,,21.3,22.3,22.3,22.3,59.1,24.6,58.0,2.0,,,,2.8,3.0,3.0,3.0,0.0,0.0,0.0,0.0,,,,10.6,11.1,11.1,11.1,59.1,24.6,61.0,2.0,,,,13.5,14.2,14.2,14.2,0.0,0.0,-3.0,0.0,,,,True,True,True,True,True,True,True,False,0.95
2026-05-27 05:20:20,SMOKE,10,25.3,26.5,26.5,26.5,59.2,24.6,58.0,2.0,,,,21.3,22.4,22.4,22.4,59.1,24.6,58.0,2.0,,,,4.0,4.1,4.1,4.1,0.1,0.0,0.0,0.0,,,,10.6,11.1,11.1,11.1,59.1,24.6,60.9,2.0,,,,14.7,15.4,15.4,15.4,0.1,0.0,-2.9,0.0,,,,True,True,True,True,True,True,True,False,0.95
2026-05-27 05:20:21,SMOKE,10,26.0,27.3,27.3,27.3,59.1,24.6,58.0,2.0,,,,21.4,22.5,22.5,22.5,59.1,24.6,58.0,2.0,,,,4.6,4.8,4.8,4.8,0.0,0.0,0.0,0.0,,,,10.7,11.2,11.2,11.2,59.1,24.6,60.9,2.0,,,,15.3,16.1,16.1,16.1,0.0,0.0,-2.9,0.0,,,,True,True,True,True,True,True,True,False,0.95
2026-05-27 05:20:22,SMOKE,10,26.8,28.1,28.1,28.1,59.1,24.6,58.0,2.0,,,,21.6,22.7,22.7,22.7,59.1,24.6,58.0,2.0,,,,5.2,5.4,5.4,5.4,0.0,0.0,0.0,0.0,,,,10.7,11.2,11.2,11.2,59.1,24.6,60.9,2.0,,,,16.1,16.9,16.9,16.9,0.0,0.0,-2.9,0.0,,,,True,True,True,True,True,True,True,False,0.95
2026-05-27 05:20:23,SMOKE,10,30.6,32.1,32.1,32.1,59.1,24.6,58.0,2.0,,,,21.8,22.9,22.9,22.9,59.1,24.6,58.0,2.0,,,,8.8,9.2,9.2,9.2,0.0,0.0,0.0,0.0,,,,10.8,11.3,11.3,11.3,59.1,24.6,60.8,2.0,,,,19.8,20.8,20.8,20.8,0.0,0.0,-2.8,0.0,,,,True,True,True,True,True,True,True,False,0.95
2026-05-27 05:20:24,SMOKE,10,35.5,37.2,37.2,37.2,59.1,24.6,58.0,2.0,,,,22.4,23.5,23.5,23.5,59.1,24.6,58.0,2.0,,,,13.1,13.7,13.7,13.7,0.0,0.0,0.0,0.0,,,,10.8,11.4,11.4,11.4,59.1,24.6,60.8,2.0,,,,24.7,25.8,25.8,25.8,0.0,0.0,-2.8,0.0,,,,True,True,True,True,True,True,True,False,0.95
2026-05-27 05:20:25,SMOKE,10,40.0,42.0,42.0,42.0,59.1,24.6,58.0,2.0,,,,23.4,24.5,24.5,24.5,59.1,24.6,58.0,2.0,,,,16.6,17.5,17.5,17.5,0.0,0.0,0.0,0.0,,,,10.9,11.5,11.5,11.5,59.1,24.6,60.8,2.0,,,,29.1,30.5,30.5,30.5,0.0,0.0,-2.8,0.0,,,,True,True,True,True,True,True,True,False,0.95
2026-05-27 05:20:26,SMOKE,10,43.6,45.7,45.7,45.7,59.0,24.6,58.0,2.0,,,,24.8,26.0,26.0,26.0,59.1,24.6,58.0,2.0,,,,18.8,19.7,19.7,19.7,-0.1,0.0,0.0,0.0,,,,11.0,11.6,11.6,11.6,59.1,24.6,60.8,2.0,,,,32.6,34.1,34.1,34.1,-0.1,0.0,-2.8,0.0,,,,True,True,True,True,True,True,True,False,0.95
2026-05-27 05:20:27,SMOKE,10,46.0,48.3,48.3,48.3,59.0,24.6,58.0,2.0,,,,26.4,27.7,27.7,27.7,59.1,24.6,58.0,2.0,,,,19.6,20.6,20.6,20.6,-0.1,0.0,0.0,0.0,,,,11.1,11.7,11.7,11.7,59.1,24.6,60.7,2.0,,,,34.9,36.6,36.6,36.6,-0.1,0.0,-2.7,0.0,,,,True,True,True,True,True,True,True,False,0.95
2026-05-27 05:20:28,SMOKE,10,47.3,49.6,49.6,49.6,59.0,24.6,58.0,2.0,,,,28.3,29.7,29.7,29.7,59.1,24.6,58.0,2.0,,,,19.0,19.9,19.9,19.9,-0.1,0.0,0.0,0.0,,,,11.3,11.8,11.8,11.8,59.1,24.6,60.7,2.0,,,,36.0,37.8,37.8,37.8,-0.1,0.0,-2.7,0.0,,,,True,True,True,True,True,True,True,False,0.95
2026-05-27 05:20:29,SMOKE,10,48.3,50.6,50.6,50.6,59.0,24.6,58.0,2.0,,,,30.3,31.8,31.8,31.8,59.1,24.6,58.0,2.0,,,,18.0,18.8,18.8,18.8,-0.1,0.0,0.0,0.0,,,,11.4,11.9,11.9,11.9,59.1,24.6,60.7,2.0,,,,36.9,38.7,38.7,38.7,-0.1,0.0,-2.7,0.0,,,,True,True,True,True,True,True,True,False,0.95
2026-05-27 05:20:30,SMOKE,10,49.0,51.4,51.4,51.4,58.9,24.6,58.0,2.0,,,,32.5,34.0,34.0,34.0,59.1,24.6,58.0,2.0,,,,16.5,17.4,17.4,17.4,-0.2,0.0,0.0,0.0,,,,11.5,12.1,12.1,12.1,59.1,24.6,60.6,2.0,,,,37.5,39.3,39.3,39.3,-0.2,0.0,-2.6,0.0,,,,True,True,True,True,True,True,True,False,0.95
2026-05-27 05:20:31,SMOKE,10,49.5,51.9,51.9,51.9,58.9,24.6,58.0,2.0,,,,34.6,36.3,36.3,36.3,59.1,24.6,58.0,2.0,,,,14.9,15.6,15.6,15.6,-0.2,0.0,0.0,0.0,,,,11.6,12.2,12.2,12.2,59.1,24.6,60.6,2.0,,,,37.9,39.7,39.7,39.7,-0.2,0.0,-2.6,0.0,,,,True,True,True,True,True,True,True,False,0.95
2026-05-27 05:20:32,SMOKE,10,49.3,51.7,51.7,51.7,58.9,24.6,58.0,2.0,,,,36.7,38.5,38.5,38.5,59.1,24.6,58.0,2.0,,,,12.6,13.2,13.2,13.2,-0.2,0.0,0.0,0.0,,,,11.8,12.4,12.4,12.4,59.1,24.6,60.6,2.0,,,,37.5,39.3,39.3,39.3,-0.2,0.0,-2.6,0.0,,,,True,True,True,True,True,True,True,False,0.95
2026-05-27 05:20:33,SMOKE,10,48.4,50.8,50.8,50.8,58.9,24.6,58.0,2.0,,,,38.7,40.6,40.6,40.6,59.0,24.6,58.0,2.0,,,,9.7,10.2,10.2,10.2,-0.1,0.0,0.0,0.0,,,,11.9,12.5,12.5,12.5,59.1,24.6,60.5,2.0,,,,36.5,38.3,38.3,38.3,-0.2,0.0,-2.5,0.0,,,,True,True,True,True,True,True,True,False,0.95
2026-05-27 05:20:34,SMOKE,10,46.5,48.8,48.8,48.8,58.9,24.6,58.0,2.0,,,,40.4,42.4,42.4,42.4,59.0,24.6,58.0,2.0,,,,6.1,6.4,6.4,6.4,-0.1,0.0,0.0,0.0,,,,12.0,12.6,12.6,12.6,59.1,24.6,60.5,2.0,,,,34.5,36.2,36.2,36.2,-0.2,0.0,-2.5,0.0,,,,True,True,True,True,True,True,True,False,0.95
2026-05-27 05:20:35,SMOKE,10,45.3,47.5,47.5,47.5,58.9,24.6,58.0,2.0,,,,41.9,44.0,44.0,44.0,59.0,24.6,58.0,2.0,,,,3.4,3.5,3.5,3.5,-0.1,0.0,0.0,0.0,,,,12.2,12.8,12.8,12.8,59.1,24.6,60.5,2.0,,,,33.1,34.7,34.7,34.7,-0.2,0.0,-2.5,0.0,,,,True,True,True,True,True,True,True,False,0.95
2026-05-27 05:20:36,SMOKE,10,44.8,47.0,47.0,47.0,58.9,24.6,58.0,2.0,,,,43.3,45.4,45.4,45.4,59.0,24.6,58.0,2.0,,,,1.5,1.6,1.6,1.6,-0.1,0.0,0.0,0.0,,,,12.3,12.9,12.9,12.9,59.1,24.6,60.5,2.0,,,,32.5,34.1,34.1,34.1,-0.2,0.0,-2.5,0.0,,,,True,True,True,True,True,True,True,False,0.95
2026-05-27 05:20:37,SMOKE,10,44.6,46.7,46.7,46.7,58.9,24.6,58.0,2.0,,,,44.6,46.8,46.8,46.8,59.0,24.6,58.0,2.0,,,,0.0,-0.1,-0.1,-0.1,-0.1,0.0,0.0,0.0,,,,12.4,13.0,13.0,13.0,59.1,24.6,60.4,2.0,,,,32.2,33.7,33.7,33.7,-0.2,0.0,-2.4,0.0,,,,True,True,True,True,True,True,True,False,0.96
2026-05-27 05:20:38,SMOKE,10,44.8,47.0,47.0,47.0,58.9,24.6,58.0,2.0,,,,45.6,47.8,47.8,47.8,59.0,24.6,58.0,2.0,,,,-0.8,-0.8,-0.8,-0.8,-0.1,0.0,0.0,0.0,,,,12.5,13.1,13.1,13.1,59.1,24.6,60.4,2.0,,,,32.3,33.9,33.9,33.9,-0.2,0.0,-2.4,0.0,,,,True,True,True,True,True,True,True,False,0.95
2026-05-27 05:20:39,SMOKE,10,45.3,47.5,47.5,47.5,58.9,24.6,58.0,2.0,,,,46.2,48.5,48.5,48.5,58.9,24.6,58.0,2.0,,,,-0.9,-1.0,-1.0,-1.0,0.0,0.0,0.0,0.0,,,,12.7,13.3,13.3,13.3,59.1,24.6,60.4,2.0,,,,32.6,34.2,34.2,34.2,-0.2,0.0,-2.4,0.0,,,,True,True,True,True,True,True,True,False,0.95
2026-05-27 05:20:40,SMOKE,10,45.9,48.2,48.2,48.2,58.9,24.6,58.0,2.0,,,,46.6,48.9,48.9,48.9,58.9,24.6,58.0,2.0,,,,-0.7,-0.7,-0.7,-0.7,0.0,0.0,0.0,0.0,,,,12.8,13.4,13.4,13.4,59.1,24.6,60.3,2.0,,,,33.1,34.8,34.8,34.8,-0.2,0.0,-2.3,0.0,,,,True,True,True,True,True,True,True,False,0.95
2026-05-27 05:20:41,SMOKE,10,47.2,49.5,49.5,49.5,58.9,24.6,58.0,2.0,,,,46.8,49.1,49.1,49.1,58.9,24.6,58.0,2.0,,,,0.4,0.4,0.4,0.4,0.0,0.0,0.0,0.0,,,,12.9,13.5,13.5,13.5,59.1,24.6,60.3,2.0,,,,34.3,36.0,36.0,36.0,-0.2,0.0,-2.3,0.0,,,,True,True,True,True,True,True,True,False,0.95
2026-05-27 05:20:42,SMOKE,10,48.3,50.6,50.6,50.6,58.9,24.6,58.0,2.0,,,,46.9,49.2,49.2,49.2,58.9,24.6,58.0,2.0,,,,1.4,1.4,1.4,1.4,0.0,0.0,0.0,0.0,,,,13.0,13.7,13.7,13.7,59.1,24.6,60.3,2.0,,,,35.3,36.9,36.9,36.9,-0.2,0.0,-2.3,0.0,,,,True,True,True,True,True,True,True,False,0.95
2026-05-27 05:20:43,SMOKE,10,49.3,51.7,51.7,51.7,58.9,24.6,58.0,2.0,,,,46.9,49.2,49.2,49.2,58.9,24.6,58.0,2.0,,,,2.4,2.5,2.5,2.5,0.0,0.0,0.0,0.0,,,,13.2,13.8,13.8,13.8,59.1,24.6,60.3,2.0,,,,36.1,37.9,37.9,37.9,-0.2,0.0,-2.3,0.0,,,,True,True,True,True,True,True,True,False,0.95
2026-05-27 05:20:44,SMOKE,10,50.0,52.5,52.5,52.5,58.8,24.6,58.0,2.0,,,,47.0,49.3,49.3,49.3,58.9,24.6,58.0,2.0,,,,3.0,3.2,3.2,3.2,-0.1,0.0,0.0,0.0,,,,13.3,13.9,13.9,13.9,59.1,24.6,60.2,2.0,,,,36.7,38.6,38.6,38.6,-0.3,0.0,-2.2,0.0,,,,True,True,True,True,True,True,True,False,0.95
2026-05-27 05:20:45,SMOKE,10,50.6,53.0,53.0,53.0,58.8,24.6,58.0,2.0,,,,47.1,49.4,49.4,49.4,58.9,24.6,58.0,2.0,,,,3.5,3.6,3.6,3.6,-0.1,0.0,0.0,0.0,,,,13.4,14.1,14.1,14.1,59.1,24.6,60.2,2.0,,,,37.2,38.9,38.9,38.9,-0.3,0.0,-2.2,0.0,,,,True,True,True,True,True,True,True,False,0.95
2026-05-27 05:20:46,SMOKE,10,51.0,53.4,53.4,53.4,58.8,24.6,58.0,2.0,,,,47.2,49.5,49.5,49.5,58.9,24.6,58.0,2.0,,,,3.8,3.9,3.9,3.9,-0.1,0.0,0.0,0.0,,,,13.6,14.2,14.2,14.2,59.1,24.6,60.2,2.0,,,,37.4,39.2,39.2,39.2,-0.3,0.0,-2.2,0.0,,,,True,True,True,True,True,True,True,False,0.96
2026-05-27 05:20:48,SMOKE,10,51.3,53.8,53.8,53.8,58.8,24.6,58.0,2.0,,,,47.3,49.6,49.6,49.6,58.9,24.6,58.0,2.0,,,,4.0,4.2,4.2,4.2,-0.1,0.0,0.0,0.0,,,,13.7,14.4,14.4,14.4,59.1,24.6,60.2,2.0,,,,37.6,39.4,39.4,39.4,-0.3,0.0,-2.2,0.0,,,,True,True,True,True,True,True,True,False,0.95
2026-05-27 05:20:49,SMOKE,10,51.5,54.0,54.0,54.0,58.8,24.6,58.0,2.0,,,,47.5,49.8,49.8,49.8,58.9,24.6,58.0,2.0,,,,4.0,4.2,4.2,4.2,-0.1,0.0,0.0,0.0,,,,13.9,14.5,14.5,14.5,59.1,24.6,60.1,2.0,,,,37.6,39.5,39.5,39.5,-0.3,0.0,-2.1,0.0,,,,True,True,True,True,True,True,True,False,0.95
2026-05-27 05:20:50,SMOKE,10,51.5,54.0,54.0,54.0,58.8,24.6,58.0,2.0,,,,47.9,50.2,50.2,50.2,58.9,24.6,58.0,2.0,,,,3.6,3.8,3.8,3.8,-0.1,0.0,0.0,0.0,,,,14.0,14.7,14.7,14.7,59.1,24.6,60.1,2.0,,,,37.5,39.3,39.3,39.3,-0.3,0.0,-2.1,0.0,,,,True,True,True,True,True,True,True,False,0.95
2026-05-27 05:20:51,SMOKE,10,51.1,53.6,53.6,53.6,58.9,24.6,58.0,2.0,,,,48.3,50.6,50.6,50.6,58.9,24.6,58.0,2.0,,,,2.8,3.0,3.0,3.0,0.0,0.0,0.0,0.0,,,,14.2,14.8,14.8,14.8,59.1,24.6,60.1,2.0,,,,36.9,38.8,38.8,38.8,-0.2,0.0,-2.1,0.0,,,,True,True,True,True,True,True,True,False,0.95
2026-05-27 05:20:52,SMOKE,10,50.5,53.0,53.0,53.0,58.9,24.6,58.0,2.0,,,,48.7,51.1,51.1,51.1,58.9,24.6,58.0,2.0,,,,1.8,1.9,1.9,1.9,0.0,0.0,0.0,0.0,,,,14.3,15.0,15.0,15.0,59.1,24.6,60.0,2.0,,,,36.2,38.0,38.0,38.0,-0.2,0.0,-2.0,0.0,,,,True,True,True,True,True,True,True,False,0.95
2026-05-27 05:20:53,SMOKE,10,49.2,51.5,51.5,51.5,58.9,24.6,58.0,2.0,,,,49.2,51.6,51.6,51.6,58.9,24.6,58.0,2.0,,,,0.0,-0.1,-0.1,-0.1,0.0,0.0,0.0,0.0,,,,14.4,15.1,15.1,15.1,59.1,24.6,60.0,2.0,,,,34.8,36.4,36.4,36.4,-0.2,0.0,-2.0,0.0,,,,True,True,True,True,True,True,True,False,0.96
2026-05-27 05:20:54,SMOKE,10,47.2,49.5,49.5,49.5,58.9,24.6,58.0,2.0,,,,49.5,51.9,51.9,51.9,58.9,24.6,58.0,2.0,,,,-2.3,-2.4,-2.4,-2.4,0.0,0.0,0.0,0.0,,,,14.6,15.3,15.3,15.3,59.1,24.6,60.0,2.0,,,,32.6,34.2,34.2,34.2,-0.2,0.0,-2.0,0.0,,,,True,True,True,True,True,True,True,False,0.95
2026-05-27 05:20:55,SMOKE,10,45.0,47.2,47.2,47.2,58.9,24.6,58.0,2.0,,,,49.6,52.0,52.0,52.0,58.9,24.6,58.0,2.0,,,,-4.6,-4.8,-4.8,-4.8,0.0,0.0,0.0,0.0,,,,14.7,15.4,15.4,15.4,59.1,24.6,60.0,2.0,,,,30.3,31.8,31.8,31.8,-0.2,0.0,-2.0,0.0,,,,True,True,True,True,True,True,True,False,0.95
2026-05-27 05:20:56,SMOKE,10,42.4,44.5,44.5,44.5,58.9,24.6,58.0,2.0,,,,49.6,51.9,51.9,51.9,58.9,24.6,58.0,2.0,,,,-7.2,-7.4,-7.4,-7.4,0.0,0.0,0.0,0.0,,,,14.8,15.5,15.5,15.5,59.1,24.6,59.9,2.0,,,,27.6,29.0,29.0,29.0,-0.2,0.0,-1.9,0.0,,,,True,True,True,True,True,True,True,False,0.95
2026-05-27 05:20:57,SMOKE,10,39.6,41.5,41.5,41.5,59.0,24.6,58.0,2.0,,,,49.2,51.6,51.6,51.6,58.9,24.6,58.0,2.0,,,,-9.6,-10.1,-10.1,-10.1,0.1,0.0,0.0,0.0,,,,14.9,15.7,15.7,15.7,59.1,24.6,59.9,2.0,,,,24.7,25.8,25.8,25.8,-0.1,0.0,-1.9,0.0,,,,True,True,True,True,True,True,True,False,0.95
2026-05-27 05:20:58,SMOKE,10,37.5,39.3,39.3,39.3,59.0,24.6,58.0,2.0,,,,48.6,50.9,50.9,50.9,58.9,24.6,58.0,2.0,,,,-11.1,-11.6,-11.6,-11.6,0.1,0.0,0.0,0.0,,,,15.0,15.8,15.8,15.8,59.1,24.6,59.9,2.0,,,,22.5,23.5,23.5,23.5,-0.1,0.0,-1.9,0.0,,,,True,True,True,True,True,True,True,False,0.95
2026-05-27 05:20:59,SMOKE,10,35.9,37.7,37.7,37.7,59.0,24.6,58.0,2.0,,,,47.7,50.1,50.1,50.1,58.9,24.6,58.0,2.0,,,,-11.8,-12.4,-12.4,-12.4,0.1,0.0,0.0,0.0,,,,15.1,15.9,15.9,15.9,59.1,24.6,59.9,2.0,,,,20.8,21.8,21.8,21.8,-0.1,0.0,-1.9,0.0,,,,True,True,True,True,True,True,True,False,0.95
2026-05-27 05:21:00,SMOKE,10,35.0,36.7,36.7,36.7,59.0,24.6,58.0,2.0,,,,46.7,49.0,49.0,49.0,58.9,24.6,58.0,2.0,,,,-11.7,-12.3,-12.3,-12.3,0.1,0.0,0.0,0.0,,,,15.2,16.0,16.0,16.0,59.1,24.6,59.8,2.0,,,,19.8,20.7,20.7,20.7,-0.1,0.0,-1.8,0.0,,,,True,True,True,True,True,True,True,False,0.95
2026-05-27 05:21:01,SMOKE,10,34.8,36.5,36.5,36.5,59.0,24.6,58.0,2.0,,,,45.6,47.8,47.8,47.8,58.9,24.6,58.0,2.0,,,,-10.8,-11.3,-11.3,-11.3,0.1,0.0,0.0,0.0,,,,15.3,16.1,16.1,16.1,59.1,24.6,59.8,2.0,,,,19.5,20.4,20.4,20.4,-0.1,0.0,-1.8,0.0,,,,True,True,True,True,True,True,True,False,0.95
2026-05-27 05:21:02,SMOKE,10,35.5,37.2,37.2,37.2,59.0,24.6,58.0,2.0,,,,44.5,46.6,46.6,46.6,58.9,24.6,58.0,2.0,,,,-9.0,-9.4,-9.4,-9.4,0.1,0.0,0.0,0.0,,,,15.4,16.1,16.1,16.1,59.1,24.6,59.8,2.0,,,,20.1,21.1,21.1,21.1,-0.1,0.0,-1.8,0.0,,,,True,True,True,True,True,True,True,False,0.95
2026-05-27 05:21:03,SMOKE,10,36.8,38.6,38.6,38.6,59.1,24.6,58.0,2.0,,,,43.3,45.4,45.4,45.4,58.9,24.6,58.0,2.0,,,,-6.5,-6.8,-6.8,-6.8,0.2,0.0,0.0,0.0,,,,15.5,16.2,16.2,16.2,59.1,24.6,59.8,2.0,,,,21.3,22.4,22.4,22.4,0.0,0.0,-1.8,0.0,,,,True,True,True,True,True,True,True,False,0.95
2026-05-27 05:21:04,SMOKE,10,37.5,39.3,39.3,39.3,59.1,24.6,58.0,2.0,,,,42.3,44.3,44.3,44.3,58.9,24.6,58.0,2.0,,,,-4.8,-5.0,-5.0,-5.0,0.2,0.0,0.0,0.0,,,,15.6,16.3,16.3,16.3,59.1,24.6,59.8,2.0,,,,21.9,23.0,23.0,23.0,0.0,0.0,-1.8,0.0,,,,True,True,True,True,True,True,True,False,0.95
2026-05-27 05:21:05,SMOKE,10,38.1,39.9,39.9,39.9,59.1,24.6,58.0,2.0,,,,41.3,43.3,43.3,43.3,59.0,24.6,58.0,2.0,,,,-3.2,-3.4,-3.4,-3.4,0.1,0.0,0.0,0.0,,,,15.7,16.4,16.4,16.4,59.1,24.6,59.7,2.0,,,,22.4,23.5,23.5,23.5,0.0,0.0,-1.7,0.0,,,,True,True,True,True,True,True,True,False,0.95
2026-05-27 05:21:06,SMOKE,10,38.4,40.3,40.3,40.3,59.1,24.6,58.0,2.0,,,,40.4,42.3,42.3,42.3,59.0,24.6,58.0,2.0,,,,-2.0,-2.0,-2.0,-2.0,0.1,0.0,0.0,0.0,,,,15.8,16.5,16.5,16.5,59.1,24.6,59.7,2.0,,,,22.6,23.8,23.8,23.8,0.0,0.0,-1.7,0.0,,,,True,True,True,True,True,True,True,False,0.95
2026-05-27 05:21:07,SMOKE,10,38.4,40.3,40.3,40.3,59.1,24.6,58.0,2.0,,,,39.5,41.4,41.4,41.4,59.0,24.6,58.0,2.0,,,,-1.1,-1.1,-1.1,-1.1,0.1,0.0,0.0,0.0,,,,15.9,16.7,16.7,16.7,59.1,24.6,59.7,2.0,,,,22.5,23.6,23.6,23.6,0.0,0.0,-1.7,0.0,,,,True,True,True,True,True,True,True,False,0.95
2026-05-27 05:21:08,SMOKE,10,37.8,39.6,39.6,39.6,59.1,24.6,59.0,2.0,,,,38.7,40.6,40.6,40.6,59.0,24.6,58.0,2.0,,,,-0.9,-1.0,-1.0,-1.0,0.1,0.0,1.0,0.0,,,,16.0,16.8,16.8,16.8,59.1,24.6,59.7,2.0,,,,21.8,22.8,22.8,22.8,0.0,0.0,-0.7,0.0,,,,True,True,True,True,True,True,True,False,0.95
2026-05-27 05:21:09,SMOKE,10,36.9,38.7,38.7,38.7,59.2,24.6,59.0,2.0,,,,38.1,39.9,39.9,39.9,59.0,24.6,58.1,2.0,,,,-1.2,-1.2,-1.2,-1.2,0.2,0.0,0.9,0.0,,,,16.1,16.9,16.9,16.9,59.1,24.6,59.6,2.0,,,,20.8,21.8,21.8,21.8,0.1,0.0,-0.6,0.0,,,,True,True,True,True,True,True,True,False,0.95
2026-05-27 05:21:10,SMOKE,10,35.6,37.4,37.4,37.4,59.2,24.6,59.0,2.0,,,,37.5,39.3,39.3,39.3,59.1,24.6,58.1,2.0,,,,-1.9,-1.9,-1.9,-1.9,0.1,0.0,0.9,0.0,,,,16.2,17.0,17.0,17.0,59.1,24.6,59.6,2.0,,,,19.4,20.4,20.4,20.4,0.1,0.0,-0.6,0.0,,,,True,True,True,True,True,True,True,False,0.95
2026-05-27 05:21:11,SMOKE,10,34.3,35.9,35.9,35.9,59.2,24.6,59.0,2.0,,,,37.0,38.8,38.8,38.8,59.1,24.6,58.2,2.0,,,,-2.7,-2.9,-2.9,-2.9,0.1,0.0,0.8,0.0,,,,16.3,17.1,17.1,17.1,59.1,24.6,59.6,2.0,,,,18.0,18.8,18.8,18.8,0.1,0.0,-0.6,0.0,,,,True,True,True,True,True,True,True,False,0.96
2026-05-27 05:21:12,SMOKE,10,33.1,34.7,34.7,34.7,59.2,24.6,59.0,2.0,,,,36.6,38.4,38.4,38.4,59.1,24.6,58.3,2.0,,,,-3.5,-3.7,-3.7,-3.7,0.1,0.0,0.7,0.0,,,,16.4,17.2,17.2,17.2,59.1,24.6,59.6,2.0,,,,16.7,17.5,17.5,17.5,0.1,0.0,-0.6,0.0,,,,True,True,True,True,True,True,True,False,0.95
2026-05-27 05:21:13,SMOKE,10,31.8,33.4,33.4,33.4,59.2,24.6,59.0,2.0,,,,36.3,38.1,38.1,38.1,59.1,24.6,58.4,2.0,,,,-4.5,-4.7,-4.7,-4.7,0.1,0.0,0.6,0.0,,,,16.4,17.2,17.2,17.2,59.1,24.6,59.6,2.0,,,,15.4,16.2,16.2,16.2,0.1,0.0,-0.6,0.0,,,,True,True,True,True,True,True,True,False,0.95
2026-05-27 05:21:14,SMOKE,10,31.3,32.8,32.8,32.8,59.3,24.6,59.0,2.0,,,,36.0,37.8,37.8,37.8,59.1,24.6,58.4,2.0,,,,-4.7,-5.0,-5.0,-5.0,0.2,0.0,0.6,0.0,,,,16.5,17.3,17.3,17.3,59.1,24.6,59.5,2.0,,,,14.8,15.5,15.5,15.5,0.2,0.0,-0.5,0.0,,,,True,True,True,True,True,True,True,False,0.95
2026-05-27 05:21:15,SMOKE,10,31.5,33.1,33.1,33.1,59.3,24.6,59.0,2.0,,,,35.7,37.5,37.5,37.5,59.1,24.6,58.5,2.0,,,,-4.2,-4.4,-4.4,-4.4,0.2,0.0,0.5,0.0,,,,16.6,17.4,17.4,17.4,59.1,24.6,59.5,2.0,,,,14.9,15.7,15.7,15.7,0.2,0.0,-0.5,0.0,,,,True,True,True,True,True,True,True,False,0.95
2026-05-27 05:21:16,SMOKE,10,32.2,33.8,33.8,33.8,59.3,24.6,59.0,2.0,,,,35.5,37.2,37.2,37.2,59.2,24.6,58.6,2.0,,,,-3.3,-3.4,-3.4,-3.4,0.1,0.0,0.4,0.0,,,,16.7,17.5,17.5,17.5,59.1,24.6,59.5,2.0,,,,15.5,16.3,16.3,16.3,0.2,0.0,-0.5,0.0,,,,True,True,True,True,True,True,True,False,0.95
2026-05-27 05:21:17,SMOKE,10,34.6,36.3,36.3,36.3,59.3,24.6,59.0,2.0,,,,35.3,37.0,37.0,37.0,59.2,24.6,58.6,2.0,,,,-0.7,-0.7,-0.7,-0.7,0.1,0.0,0.4,0.0,,,,16.8,17.6,17.6,17.6,59.1,24.6,59.5,2.0,,,,17.8,18.7,18.7,18.7,0.2,0.0,-0.5,0.0,,,,True,True,True,True,True,True,True,False,0.95
2026-05-27 05:21:18,SMOKE,10,36.1,37.9,37.9,37.9,59.3,24.6,59.0,2.0,,,,35.1,36.8,36.8,36.8,59.2,24.6,58.7,2.0,,,,1.0,1.1,1.1,1.1,0.1,0.0,0.3,0.0,,,,16.8,17.7,17.7,17.7,59.1,24.6,59.5,2.0,,,,19.3,20.2,20.2,20.2,0.2,0.0,-0.5,0.0,,,,True,True,True,True,True,True,True,False,0.95
2026-05-27 05:21:19,SMOKE,10,36.5,38.3,38.3,38.3,59.3,24.6,59.0,2.0,,,,35.0,36.7,36.7,36.7,59.2,24.6,58.8,2.0,,,,1.5,1.6,1.6,1.6,0.1,0.0,0.2,0.0,,,,16.9,17.8,17.8,17.8,59.1,24.6,59.4,2.0,,,,19.6,20.5,20.5,20.5,0.2,0.0,-0.4,0.0,,,,True,True,True,True,True,True,True,False,0.95
2026-05-27 05:21:20,SMOKE,10,36.1,37.9,37.9,37.9,59.3,24.6,59.0,2.0,,,,34.9,36.6,36.6,36.6,59.2,24.6,58.9,2.0,,,,1.2,1.3,1.3,1.3,0.1,0.0,0.1,0.0,,,,17.0,17.9,17.9,17.9,59.1,24.6,59.4,2.0,,,,19.1,20.0,20.0,20.0,0.2,0.0,-0.4,0.0,,,,True,True,True,True,True,True,True,False,0.95
2026-05-27 05:21:21,SMOKE,10,35.5,37.3,37.3,37.3,59.3,24.6,59.0,2.0,,,,34.7,36.4,36.4,36.4,59.2,24.6,58.9,2.0,,,,0.8,0.9,0.9,0.9,0.1,0.0,0.1,0.0,,,,17.1,18.0,18.0,18.0,59.1,24.6,59.4,2.0,,,,18.4,19.3,19.3,19.3,0.2,0.0,-0.4,0.0,,,,True,True,True,True,True,True,True,False,0.95
2026-05-27 05:21:22,SMOKE,10,35.2,36.9,36.9,36.9,59.3,24.6,59.0,2.0,,,,34.5,36.2,36.2,36.2,59.2,24.6,59.0,2.0,,,,0.7,0.7,0.7,0.7,0.1,0.0,0.0,0.0,,,,17.2,18.0,18.0,18.0,59.1,24.6,59.4,2.0,,,,18.0,18.9,18.9,18.9,0.2,0.0,-0.4,0.0,,,,True,True,True,True,True,True,True,False,0.95
2026-05-27 05:21:23,SMOKE,10,35.0,36.7,36.7,36.7,59.3,24.6,59.0,2.0,,,,34.3,36.0,36.0,36.0,59.3,24.6,59.0,2.0,,,,0.7,0.7,0.7,0.7,0.0,0.0,0.0,0.0,,,,17.3,18.1,18.1,18.1,59.1,24.6,59.4,2.0,,,,17.7,18.6,18.6,18.6,0.2,0.0,-0.4,0.0,,,,True,True,True,True,True,True,True,False,0.95
2026-05-27 05:21:24,SMOKE,10,34.7,36.5,36.6,36.6,59.3,24.6,59.0,2.0,,,,34.2,35.9,35.9,35.9,59.3,24.6,59.0,2.0,,,,0.5,0.6,0.7,0.7,0.0,0.0,0.0,0.0,,,,17.4,18.2,18.2,18.2,59.1,24.6,59.4,2.0,,,,17.3,18.3,18.4,18.4,0.2,0.0,-0.4,0.0,,,,True,True,True,True,True,True,True,False,0.95
2026-05-27 05:21:26,SMOKE,10,34.3,36.0,36.0,36.1,59.3,24.6,59.0,2.0,,,,34.1,35.8,35.8,35.8,59.3,24.6,59.0,2.0,,,,0.2,0.2,0.2,0.3,0.0,0.0,0.0,0.0,,,,17.5,18.3,18.3,18.3,59.1,24.6,59.3,2.0,,,,16.8,17.7,17.7,17.8,0.2,0.0,-0.3,0.0,,,,True,True,True,True,True,True,True,False,0.95
2026-05-27 05:21:27,SMOKE,10,33.9,35.6,35.6,35.6,59.4,24.6,59.0,2.0,,,,34.1,35.8,35.8,35.8,59.3,24.6,59.0,2.0,,,,-0.2,-0.2,-0.2,-0.2,0.1,0.0,0.0,0.0,,,,17.6,18.4,18.4,18.4,59.1,24.6,59.3,2.0,,,,16.3,17.2,17.2,17.2,0.3,0.0,-0.3,0.0,,,,True,True,True,True,True,True,True,False,0.95
2026-05-27 05:21:28,SMOKE,10,33.8,35.5,35.5,35.5,59.4,24.6,59.0,2.0,,,,34.2,35.9,35.9,35.9,59.3,24.6,59.0,2.0,,,,-0.4,-0.4,-0.4,-0.4,0.1,0.0,0.0,0.0,,,,17.6,18.5,18.5,18.5,59.1,24.6,59.3,2.0,,,,16.2,17.0,17.0,17.0,0.3,0.0,-0.3,0.0,,,,True,True,True,True,True,True,True,False,0.95
2026-05-27 05:21:29,SMOKE,10,33.9,35.6,35.6,35.6,59.4,24.6,59.0,2.0,,,,34.3,36.0,36.0,36.1,59.3,24.6,59.0,2.0,,,,-0.4,-0.4,-0.4,-0.5,0.1,0.0,0.0,0.0,,,,17.7,18.6,18.6,18.6,59.1,24.6,59.3,2.0,,,,16.2,17.0,17.0,17.0,0.3,0.0,-0.3,0.0,,,,True,True,True,True,True,True,True,False,0.95
2026-05-27 05:21:30,SMOKE,10,34.4,36.1,36.1,36.1,59.4,24.6,59.0,2.0,,,,34.5,36.2,36.2,36.3,59.3,24.6,59.0,2.0,,,,-0.1,-0.1,-0.1,-0.2,0.1,0.0,0.0,0.0,,,,17.8,18.7,18.7,18.7,59.1,24.6,59.3,2.0,,,,16.6,17.4,17.4,17.4,0.3,0.0,-0.3,0.0,,,,True,True,True,True,True,True,True,False,0.95
2026-05-27 05:21:31,SMOKE,10,34.8,36.5,36.5,36.5,59.4,24.6,59.0,2.0,,,,34.7,36.5,36.5,36.5,59.3,24.6,59.0,2.0,,,,0.1,0.0,0.0,0.0,0.1,0.0,0.0,0.0,,,,17.9,18.8,18.8,18.8,59.1,24.6,59.3,2.0,,,,16.9,17.7,17.7,17.7,0.3,0.0,-0.3,0.0,,,,True,True,True,True,True,True,True,False,0.95
2026-05-27 05:21:32,SMOKE,10,35.1,36.8,36.8,36.8,59.4,24.6,59.0,2.0,,,,34.9,36.6,36.7,36.7,59.3,24.6,59.0,2.0,,,,0.2,0.2,0.1,0.1,0.1,0.0,0.0,0.0,,,,18.0,18.8,18.8,18.8,59.1,24.6,59.2,2.0,,,,17.1,18.0,18.0,18.0,0.3,0.0,-0.2,0.0,,,,True,True,True,True,True,True,True,False,0.95
2026-05-27 05:21:33,SMOKE,10,35.3,37.0,37.0,37.0,59.4,24.6,59.0,2.0,,,,35.0,36.7,36.7,36.7,59.3,24.6,59.0,2.0,,,,0.3,0.3,0.3,0.3,0.1,0.0,0.0,0.0,,,,18.1,18.9,18.9,18.9,59.1,24.6,59.2,2.0,,,,17.2,18.1,18.1,18.1,0.3,0.0,-0.2,0.0,,,,True,True,True,True,True,True,True,False,0.95
2026-05-27 05:21:34,SMOKE,10,35.8,37.5,37.5,37.5,59.4,24.6,59.0,2.0,,,,34.9,36.6,36.6,36.6,59.4,24.6,59.0,2.0,,,,0.9,0.9,0.9,0.9,0.0,0.0,0.0,0.0,,,,18.1,19.0,19.0,19.0,59.1,24.6,59.2,2.0,,,,17.7,18.5,18.5,18.5,0.3,0.0,-0.2,0.0,,,,True,True,True,True,True,True,True,False,0.95
2026-05-27 05:21:35,SMOKE,10,35.7,37.4,37.4,37.4,59.4,24.6,59.0,2.0,,,,34.8,36.6,36.6,36.6,59.4,24.6,59.0,2.0,,,,0.9,0.8,0.8,0.8,0.0,0.0,0.0,0.0,,,,18.2,19.1,19.1,19.1,59.1,24.6,59.2,2.0,,,,17.5,18.3,18.3,18.3,0.3,0.0,-0.2,0.0,,,,True,True,True,True,True,True,True,False,0.95
2026-05-27 05:21:36,SMOKE,10,35.4,37.2,37.2,37.2,59.4,24.6,59.0,2.0,,,,34.8,36.5,36.5,36.5,59.4,24.6,59.0,2.0,,,,0.6,0.7,0.7,0.7,0.0,0.0,0.0,0.0,,,,18.3,19.2,19.2,19.2,59.1,24.6,59.2,2.0,,,,17.1,18.0,18.0,18.0,0.3,0.0,-0.2,0.0,,,,True,True,True,True,True,True,True,False,0.95
2026-05-27 05:21:37,SMOKE,10,35.0,36.7,36.7,36.7,59.4,24.6,59.0,2.0,,,,34.8,36.5,36.5,36.5,59.4,24.6,59.0,2.0,,,,0.2,0.2,0.2,0.2,0.0,0.0,0.0,0.0,,,,18.4,19.3,19.3,19.3,59.1,24.6,59.2,2.0,,,,16.6,17.4,17.4,17.4,0.3,0.0,-0.2,0.0,,,,True,True,True,True,True,True,True,False,0.95
2026-05-27 05:21:38,SMOKE,10,34.6,36.3,36.3,36.3,59.4,24.6,59.0,2.0,,,,34.8,36.5,36.5,36.5,59.4,24.6,59.0,2.0,,,,-0.2,-0.2,-0.2,-0.2,0.0,0.0,0.0,0.0,,,,18.5,19.4,19.4,19.4,59.1,24.6,59.1,2.0,,,,16.1,16.9,16.9,16.9,0.3,0.0,-0.1,0.0,,,,True,True,True,True,True,True,True,False,0.95
2026-05-27 05:21:39,SMOKE,10,34.3,35.9,35.9,35.9,59.4,24.6,59.0,2.0,,,,34.8,36.5,36.5,36.5,59.4,24.6,59.0,2.0,,,,-0.5,-0.6,-0.6,-0.6,0.0,0.0,0.0,0.0,,,,18.6,19.5,19.5,19.5,59.1,24.6,59.1,2.0,,,,15.7,16.4,16.4,16.4,0.3,0.0,-0.1,0.0,,,,True,True,True,True,True,True,True,False,0.96
2026-05-27 05:21:40,SMOKE,10,34.2,35.8,35.8,35.8,59.4,24.6,59.0,2.0,,,,34.7,36.4,36.4,36.4,59.4,24.6,59.0,2.0,,,,-0.5,-0.6,-0.6,-0.6,0.0,0.0,0.0,0.0,,,,18.6,19.6,19.6,19.6,59.1,24.6,59.1,2.0,,,,15.6,16.2,16.2,16.2,0.3,0.0,-0.1,0.0,,,,True,True,True,True,True,True,True,False,0.96
2026-05-27 05:21:41,SMOKE,10,34.4,36.1,36.1,36.1,59.4,24.6,59.0,2.0,,,,34.7,36.4,36.4,36.4,59.4,24.6,59.0,2.0,,,,-0.3,-0.3,-0.3,-0.3,0.0,0.0,0.0,0.0,,,,18.7,19.6,19.6,19.6,59.1,24.6,59.1,2.0,,,,15.7,16.5,16.5,16.5,0.3,0.0,-0.1,0.0,,,,True,True,True,True,True,True,True,False,0.95
2026-05-27 05:21:42,SMOKE,10,34.9,36.6,36.6,36.6,59.5,24.6,59.0,2.0,,,,34.8,36.5,36.5,36.5,59.4,24.6,59.0,2.0,,,,0.1,0.1,0.1,0.1,0.1,0.0,0.0,0.0,,,,18.8,19.7,19.7,19.7,59.1,24.6,59.1,2.0,,,,16.1,16.9,16.9,16.9,0.4,0.0,-0.1,0.0,,,,True,True,True,True,True,True,True,False,0.95
2026-05-27 05:21:43,SMOKE,10,36.7,38.5,38.5,38.5,59.5,24.6,59.0,2.0,,,,34.8,36.5,36.5,36.5,59.4,24.6,59.0,2.0,,,,1.9,2.0,2.0,2.0,0.1,0.0,0.0,0.0,,,,18.9,19.8,19.8,19.8,59.1,24.6,59.1,2.0,,,,17.8,18.7,18.7,18.7,0.4,0.0,-0.1,0.0,,,,True,True,True,True,True,True,True,False,0.95
2026-05-27 05:21:44,SMOKE,10,39.3,41.2,41.2,41.2,59.5,24.6,59.0,2.0,,,,35.0,36.7,36.7,36.7,59.4,24.6,59.0,2.0,,,,4.3,4.5,4.5,4.5,0.1,0.0,0.0,0.0,,,,19.0,19.9,19.9,19.9,59.1,24.6,59.0,2.0,,,,20.3,21.3,21.3,21.3,0.4,0.0,0.0,0.0,,,,True,True,True,True,True,True,True,False,0.95
2026-05-27 05:21:45,SMOKE,10,41.3,43.3,43.3,43.3,59.5,24.6,59.0,2.0,,,,35.4,37.1,37.1,37.1,59.4,24.6,59.0,2.0,,,,5.9,6.2,6.2,6.2,0.1,0.0,0.0,0.0,,,,19.1,20.0,20.0,20.0,59.1,24.6,59.0,2.0,,,,22.2,23.3,23.3,23.3,0.4,0.0,0.0,0.0,,,,True,True,True,True,True,True,True,False,0.95
2026-05-27 05:21:46,SMOKE,10,42.5,44.6,44.6,44.6,59.5,24.6,59.0,2.0,,,,35.9,37.6,37.6,37.6,59.4,24.6,59.0,2.0,,,,6.6,7.0,7.0,7.0,0.1,0.0,0.0,0.0,,,,19.2,20.1,20.1,20.1,59.1,24.6,59.0,2.0,,,,23.3,24.5,24.5,24.5,0.4,0.0,0.0,0.0,,,,True,True,True,True,True,True,True,False,0.95
2026-05-27 05:21:47,SMOKE,10,43.2,45.3,45.3,45.3,59.5,24.6,59.0,2.0,,,,36.4,38.1,38.1,38.1,59.4,24.6,59.0,2.0,,,,6.8,7.2,7.2,7.2,0.1,0.0,0.0,0.0,,,,19.3,20.2,20.2,20.2,59.1,24.6,59.0,2.0,,,,23.9,25.1,25.1,25.1,0.4,0.0,0.0,0.0,,,,True,True,True,True,True,True,True,False,0.95
2026-05-27 05:21:48,SMOKE,10,43.4,45.5,45.5,45.5,59.5,24.6,59.0,2.0,,,,36.9,38.7,38.7,38.7,59.4,24.6,59.0,2.0,,,,6.5,6.8,6.8,6.8,0.1,0.0,0.0,0.0,,,,19.4,20.4,20.4,20.4,59.1,24.6,59.0,2.0,,,,24.0,25.1,25.1,25.1,0.4,0.0,0.0,0.0,,,,True,True,True,True,True,True,True,False,0.95
2026-05-27 05:21:49,SMOKE,10,42.9,45.0,45.0,45.0,59.5,24.6,59.0,2.0,,,,37.5,39.3,39.3,39.3,59.4,24.6,59.0,2.0,,,,5.4,5.7,5.7,5.7,0.1,0.0,0.0,0.0,,,,19.5,20.5,20.5,20.5,59.1,24.6,59.0,2.0,,,,23.4,24.5,24.5,24.5,0.4,0.0,0.0,0.0,,,,True,True,True,True,True,True,True,False,0.95
2026-05-27 05:21:50,SMOKE,10,42.0,44.1,44.1,44.1,59.5,24.6,59.0,2.0,,,,38.0,39.9,39.9,39.9,59.5,24.6,59.0,2.0,,,,4.0,4.2,4.2,4.2,0.0,0.0,0.0,0.0,,,,19.6,20.6,20.6,20.6,59.1,24.6,59.0,2.0,,,,22.4,23.5,23.5,23.5,0.4,0.0,0.0,0.0,,,,True,True,True,True,True,True,True,False,0.95
2026-05-27 05:21:51,SMOKE,10,41.2,43.3,43.3,43.3,59.5,24.6,59.0,2.0,,,,38.5,40.4,40.4,40.4,59.5,24.6,59.0,2.0,,,,2.7,2.9,2.9,2.9,0.0,0.0,0.0,0.0,,,,19.8,20.7,20.7,20.7,59.1,24.6,59.0,2.0,,,,21.4,22.6,22.6,22.6,0.4,0.0,0.0,0.0,,,,True,True,True,True,True,True,True,False,0.95
2026-05-27 05:21:52,SMOKE,10,40.7,42.8,42.8,42.8,59.5,24.6,59.0,2.0,,,,38.9,40.8,40.8,40.8,59.5,24.6,59.0,2.0,,,,1.8,2.0,2.0,2.0,0.0,0.0,0.0,0.0,,,,19.9,20.8,20.8,20.8,59.1,24.6,58.9,2.0,,,,20.8,22.0,22.0,22.0,0.4,0.0,0.1,0.0,,,,True,True,True,True,True,True,True,False,0.95
2026-05-27 05:21:53,SMOKE,10,40.2,42.2,42.3,42.3,59.5,24.6,59.0,2.0,,,,39.4,41.3,41.3,41.3,59.5,24.6,59.0,2.0,,,,0.8,0.9,1.0,1.0,0.0,0.0,0.0,0.0,,,,20.0,20.9,20.9,20.9,59.1,24.6,58.9,2.0,,,,20.2,21.3,21.4,21.4,0.4,0.0,0.1,0.0,,,,True,True,True,True,True,True,True,False,0.95
2026-05-27 05:21:54,SMOKE,10,39.4,41.4,41.5,41.5,59.5,24.6,59.0,2.0,,,,39.8,41.7,41.7,41.7,59.5,24.6,59.0,2.0,,,,-0.4,-0.3,-0.2,-0.2,0.0,0.0,0.0,0.0,,,,20.1,21.1,21.1,21.1,59.1,24.6,58.9,2.0,,,,19.3,20.3,20.4,20.4,0.4,0.0,0.1,0.0,,,,True,True,True,True,True,True,True,False,0.95
2026-05-27 05:21:55,SMOKE,10,38.1,40.1,40.2,40.3,59.5,24.6,59.0,2.0,,,,40.1,42.1,42.1,42.1,59.5,24.6,59.0,2.0,,,,-2.0,-2.0,-1.9,-1.8,0.0,0.0,0.0,0.0,,,,20.2,21.2,21.2,21.2,59.1,24.6,58.9,2.0,,,,17.9,18.9,19.0,19.1,0.4,0.0,0.1,0.0,,,,True,True,True,True,True,True,True,False,0.95
2026-05-27 05:21:56,SMOKE,10,36.8,38.8,39.0,39.0,59.5,24.6,59.0,2.0,,,,40.4,42.4,42.4,42.4,59.5,24.6,59.0,2.0,,,,-3.6,-3.6,-3.4,-3.4,0.0,0.0,0.0,0.0,,,,20.3,21.3,21.3,21.3,59.1,24.6,58.9,2.0,,,,16.5,17.5,17.7,17.7,0.4,0.0,0.1,0.0,,,,True,True,True,True,True,True,True,False,0.95
2026-05-27 05:21:57,SMOKE,10,35.4,37.3,37.5,37.6,59.5,24.6,59.0,2.0,,,,40.6,42.6,42.6,42.6,59.5,24.6,59.0,2.0,,,,-5.2,-5.3,-5.1,-5.0,0.0,0.0,0.0,0.0,,,,20.4,21.4,21.4,21.4,59.1,24.6,58.9,2.0,,,,15.0,15.9,16.1,16.2,0.4,0.0,0.1,0.0,,,,True,True,True,True,True,True,True,False,0.95
2026-05-27 05:21:58,SMOKE,10,34.4,36.3,36.5,36.7,59.5,24.6,59.0,2.0,,,,40.5,42.5,42.5,42.6,59.5,24.6,59.0,2.0,,,,-6.1,-6.2,-6.0,-5.9,0.0,0.0,0.0,0.0,,,,20.5,21.5,21.5,21.5,59.1,24.6,58.9,2.0,,,,13.9,14.8,15.0,15.2,0.4,0.0,0.1,0.0,,,,True,True,True,True,True,True,True,False,0.95
2026-05-27 05:21:59,SMOKE,10,33.8,35.8,36.0,36.1,59.5,24.6,59.0,2.0,,,,40.1,42.1,42.2,42.2,59.5,24.6,59.0,2.0,,,,-6.3,-6.3,-6.2,-6.1,0.0,0.0,0.0,0.0,,,,20.5,21.5,21.5,21.6,59.1,24.6,58.9,2.0,,,,13.3,14.3,14.5,14.5,0.4,0.0,0.1,0.0,,,,True,True,True,True,True,True,True,False,0.94
2026-05-27 05:22:00,SMOKE,10,33.5,35.5,35.7,35.9,59.5,24.6,59.0,2.0,,,,39.6,41.6,41.7,41.7,59.5,24.6,59.0,2.0,,,,-6.1,-6.1,-6.0,-5.8,0.0,0.0,0.0,0.0,,,,20.6,21.6,21.6,21.6,59.1,24.6,58.9,2.0,,,,12.9,13.9,14.1,14.3,0.4,0.0,0.1,0.0,,,,True,True,True,True,True,True,True,False,0.94
2026-05-27 05:22:01,SMOKE,10,33.7,35.7,36.0,36.1,59.5,24.6,59.0,2.0,,,,38.9,41.0,41.1,41.1,59.5,24.6,59.0,2.0,,,,-5.2,-5.3,-5.1,-5.0,0.0,0.0,0.0,0.0,,,,20.7,21.7,21.7,21.7,59.1,24.6,58.9,2.0,,,,13.0,14.0,14.3,14.4,0.4,0.0,0.1,0.0,,,,True,True,True,True,True,True,True,False,0.94
2026-05-27 05:22:02,SMOKE,10,33.9,35.9,36.2,36.4,59.5,24.6,59.0,2.0,,,,38.2,40.3,40.4,40.4,59.5,24.6,59.0,2.0,,,,-4.3,-4.4,-4.2,-4.0,0.0,0.0,0.0,0.0,,,,20.8,21.8,21.8,21.8,59.1,24.6,58.8,2.0,,,,13.1,14.1,14.4,14.6,0.4,0.0,0.2,0.0,,,,True,True,True,True,True,True,True,False,0.94
2026-05-27 05:22:04,SMOKE,10,34.6,36.8,37.1,37.3,59.5,24.6,59.0,2.0,,,,37.6,39.6,39.7,39.8,59.5,24.6,59.0,2.0,,,,-3.0,-2.8,-2.6,-2.5,0.0,0.0,0.0,0.0,,,,20.9,21.9,21.9,21.9,59.1,24.6,58.8,2.0,,,,13.7,14.9,15.2,15.4,0.4,0.0,0.2,0.0,,,,True,True,True,True,True,True,True,False,0.94
2026-05-27 05:22:05,SMOKE,10,35.5,37.7,38.0,38.2,59.5,24.6,59.0,2.0,,,,37.0,39.0,39.2,39.2,59.5,24.6,59.0,2.0,,,,-1.5,-1.3,-1.2,-1.0,0.0,0.0,0.0,0.0,,,,21.0,22.0,22.0,22.0,59.1,24.6,58.8,2.0,,,,14.5,15.7,16.0,16.2,0.4,0.0,0.2,0.0,,,,True,True,True,True,True,True,True,False,0.94
2026-05-27 05:22:06,SMOKE,10,36.4,38.7,39.1,39.3,59.5,24.6,59.0,2.0,,,,36.5,38.5,38.7,38.8,59.5,24.6,59.0,2.0,,,,-0.1,0.2,0.4,0.5,0.0,0.0,0.0,0.0,,,,21.0,22.1,22.1,22.1,59.1,24.6,58.8,2.0,,,,15.4,16.6,17.0,17.2,0.4,0.0,0.2,0.0,,,,True,True,True,True,True,True,True,False,0.94
2026-05-27 05:22:07,SMOKE,10,37.2,39.5,40.0,40.2,59.5,24.6,59.0,2.0,,,,36.2,38.2,38.4,38.5,59.5,24.6,59.0,2.0,,,,1.0,1.3,1.6,1.7,0.0,0.0,0.0,0.0,,,,21.1,22.2,22.2,22.2,59.1,24.6,58.8,2.0,,,,16.1,17.3,17.8,18.0,0.4,0.0,0.2,0.0,,,,True,True,True,True,True,True,True,False,0.94
2026-05-27 05:22:08,SMOKE,10,38.0,40.3,40.7,40.9,59.5,24.6,59.0,2.0,,,,35.9,38.0,38.2,38.4,59.5,24.6,59.0,2.0,,,,2.1,2.3,2.5,2.5,0.0,0.0,0.0,0.0,,,,21.2,22.3,22.3,22.3,59.1,24.6,58.8,2.0,,,,16.8,18.0,18.4,18.6,0.4,0.0,0.2,0.0,,,,True,True,True,True,True,True,True,False,0.94
2026-05-27 05:22:09,SMOKE,10,38.6,40.8,41.1,41.3,59.5,24.6,59.0,2.0,,,,35.8,37.8,38.1,38.2,59.5,24.6,59.0,2.0,,,,2.8,3.0,3.0,3.1,0.0,0.0,0.0,0.0,,,,21.3,22.4,22.4,22.4,59.1,24.6,58.8,2.0,,,,17.3,18.4,18.7,18.9,0.4,0.0,0.2,0.0,,,,True,True,True,True,True,True,True,False,0.95
2026-05-27 05:22:10,SMOKE,10,39.4,41.6,41.8,41.9,59.5,24.6,59.0,2.0,,,,35.7,37.8,38.1,38.2,59.5,24.6,59.0,2.0,,,,3.7,3.8,3.7,3.7,0.0,0.0,0.0,0.0,,,,21.4,22.5,22.5,22.5,59.1,24.6,58.8,2.0,,,,18.0,19.1,19.3,19.4,0.4,0.0,0.2,0.0,,,,True,True,True,True,True,True,True,False,0.95
2026-05-27 05:22:11,SMOKE,10,40.0,42.3,42.5,42.7,59.5,24.6,59.0,2.0,,,,35.8,37.9,38.2,38.4,59.5,24.6,59.0,2.0,,,,4.2,4.4,4.3,4.3,0.0,0.0,0.0,0.0,,,,21.5,22.6,22.6,22.6,59.1,24.6,58.8,2.0,,,,18.5,19.7,19.9,20.1,0.4,0.0,0.2,0.0,,,,True,True,True,True,True,True,True,False,0.95
2026-05-27 05:22:12,SMOKE,10,40.6,42.8,43.0,43.2,59.4,24.6,59.0,2.0,,,,36.0,38.2,38.4,38.6,59.5,24.6,59.0,2.0,,,,4.6,4.6,4.6,4.6,-0.1,0.0,0.0,0.0,,,,21.6,22.7,22.7,22.7,59.1,24.6,58.8,2.0,,,,19.0,20.1,20.3,20.5,0.3,0.0,0.2,0.0,,,,True,True,True,True,True,True,True,False,0.95
2026-05-27 05:22:13,SMOKE,10,41.0,43.4,43.6,43.8,59.4,24.6,60.0,2.0,,,,36.4,38.6,38.8,39.0,59.5,24.6,59.0,2.0,,,,4.6,4.8,4.8,4.8,-0.1,0.0,1.0,0.0,,,,21.7,22.8,22.8,22.8,59.1,24.6,58.8,2.0,,,,19.3,20.6,20.8,21.0,0.3,0.0,1.2,0.0,,,,True,True,True,True,True,True,True,False,0.94
2026-05-27 05:22:14,SMOKE,10,41.3,43.7,44.0,44.1,59.4,24.6,60.0,2.0,,,,36.9,39.1,39.3,39.5,59.5,24.6,59.1,2.0,,,,4.4,4.6,4.7,4.6,-0.1,0.0,0.9,0.0,,,,21.8,22.9,22.9,23.0,59.1,24.6,58.8,2.0,,,,19.5,20.8,21.1,21.1,0.3,0.0,1.2,0.0,,,,True,True,True,True,True,True,True,False,0.95
2026-05-27 05:22:15,SMOKE,10,40.6,43.0,43.3,43.5,59.4,24.6,60.0,2.0,,,,37.4,39.6,39.9,40.1,59.5,24.6,59.1,2.0,,,,3.2,3.4,3.4,3.4,-0.1,0.0,0.9,0.0,,,,21.9,23.0,23.1,23.1,59.1,24.6,58.8,2.0,,,,18.7,20.0,20.2,20.4,0.3,0.0,1.2,0.0,,,,True,True,True,True,True,True,True,False,0.94
2026-05-27 05:22:16,SMOKE,10,39.4,41.8,42.1,42.3,59.4,24.6,60.0,2.0,,,,37.9,40.2,40.5,40.6,59.5,24.6,59.2,2.0,,,,1.5,1.6,1.6,1.7,-0.1,0.0,0.8,0.0,,,,22.1,23.2,23.2,23.2,59.1,24.6,58.8,2.0,,,,17.3,18.6,18.9,19.1,0.3,0.0,1.2,0.0,,,,True,True,True,True,True,True,True,False,0.94
2026-05-27 05:22:17,SMOKE,10,34.3,36.4,36.7,36.9,59.4,24.6,60.0,2.0,,,,38.3,40.6,40.9,41.1,59.5,24.6,59.3,2.0,,,,-4.0,-4.2,-4.2,-4.2,-0.1,0.0,0.7,0.0,,,,22.2,23.3,23.3,23.3,59.1,24.6,58.8,2.0,,,,12.1,13.1,13.4,13.6,0.3,0.0,1.2,0.0,,,,True,True,True,True,True,True,True,False,0.94
2026-05-27 05:22:18,SMOKE,6,31.7,33.6,34.0,34.2,59.4,24.6,60.0,2.0,,,,38.4,40.6,40.9,41.1,59.5,24.6,59.4,2.0,,,,-6.7,-7.0,-6.9,-6.9,-0.1,0.0,0.6,0.0,,,,22.2,23.4,23.4,23.4,59.1,24.6,58.8,2.0,,,,9.5,10.2,10.6,10.8,0.3,0.0,1.2,0.0,,,,True,True,True,False,False,True,True,False,0.94
2026-05-27 05:22:19,SMOKE,6,29.7,31.6,31.9,32.1,59.4,24.6,60.0,2.0,,,,38.1,40.4,40.7,40.9,59.4,24.6,59.4,2.0,,,,-8.4,-8.8,-8.8,-8.8,0.0,0.0,0.6,0.0,,,,22.3,23.4,23.5,23.5,59.1,24.6,58.8,2.0,,,,7.4,8.2,8.4,8.6,0.3,0.0,1.2,0.0,,,,True,True,True,False,False,True,True,False,0.94
2026-05-27 05:22:20,SMOKE,6,28.3,30.1,30.5,30.7,59.4,24.6,60.0,2.0,,,,37.7,40.0,40.3,40.5,59.4,24.6,59.5,2.0,,,,-9.4,-9.9,-9.8,-9.8,0.0,0.0,0.5,0.0,,,,22.4,23.5,23.5,23.5,59.1,24.6,58.8,2.0,,,,5.9,6.6,7.0,7.2,0.3,0.0,1.2,0.0,,,,True,True,True,False,False,True,True,False,0.94
2026-05-27 05:22:21,SMOKE,6,27.2,28.9,29.3,29.5,59.4,24.6,60.0,2.0,,,,37.1,39.4,39.7,39.8,59.4,24.6,59.6,2.0,,,,-9.9,-10.5,-10.4,-10.3,0.0,0.0,0.4,0.0,,,,22.4,23.6,23.6,23.6,59.2,24.6,58.8,2.0,,,,4.8,5.3,5.7,5.9,0.2,0.0,1.2,0.0,,,,True,True,True,False,False,True,True,False,0.94
2026-05-27 05:22:22,SMOKE,6,26.2,28.0,28.3,28.5,59.4,24.6,60.0,2.0,,,,36.4,38.6,38.9,39.1,59.4,24.6,59.6,2.0,,,,-10.2,-10.6,-10.6,-10.6,0.0,0.0,0.4,0.0,,,,22.5,23.6,23.7,23.7,59.2,24.6,58.8,2.0,,,,3.7,4.4,4.6,4.8,0.2,0.0,1.2,0.0,,,,True,True,True,False,False,True,True,False,0.94
2026-05-27 05:22:23,SMOKE,4,25.5,27.0,27.3,27.5,59.4,24.6,60.0,2.0,,,,35.6,37.7,38.0,38.2,59.4,24.6,59.7,2.0,,,,-10.1,-10.7,-10.7,-10.7,0.0,0.0,0.3,0.0,,,,22.6,23.7,23.7,23.7,59.2,24.6,58.8,2.0,,,,2.9,3.3,3.6,3.8,0.2,0.0,1.2,0.0,,,,True,True,False,False,False,True,True,False,0.94
2026-05-27 05:22:36,SMOKE,5,28.7,30.2,30.4,30.5,59.5,24.6,60.0,2.0,,,,23.2,24.6,24.9,25.1,59.4,24.6,60.0,2.0,,,,5.5,5.6,5.5,5.4,0.1,0.0,0.0,0.0,,,,23.1,24.3,24.3,24.4,59.2,24.6,58.8,2.0,,,,5.6,5.9,6.1,6.1,0.3,0.0,1.2,0.0,,,,True,True,True,False,False,False,True,False,0.95
2026-05-27 05:22:39,SMOKE,5,30.4,32.0,32.1,32.2,59.5,24.6,60.0,2.0,,,,23.3,24.7,25.0,25.1,59.4,24.6,60.0,2.0,,,,7.1,7.3,7.1,7.1,0.1,0.0,0.0,0.0,,,,23.2,24.4,24.4,24.4,59.2,24.6,58.8,2.0,,,,7.2,7.6,7.7,7.8,0.3,0.0,1.2,0.0,,,,True,True,True,False,False,False,True,False,0.95
2026-05-27 05:22:40,SMOKE,5,30.7,32.3,32.4,32.5,59.5,24.6,61.0,2.0,,,,23.6,25.0,25.3,25.4,59.4,24.6,60.0,2.0,,,,7.1,7.3,7.1,7.1,0.1,0.0,1.0,0.0,,,,23.3,24.4,24.5,24.5,59.2,24.6,58.8,2.0,,,,7.4,7.9,7.9,8.0,0.3,0.0,2.2,0.0,,,,True,True,True,False,False,False,True,False,0.95
2026-05-27 05:22:41,SMOKE,5,30.9,32.5,32.6,32.6,59.5,24.6,61.0,2.0,,,,23.9,25.4,25.6,25.8,59.5,24.6,60.1,2.0,,,,7.0,7.1,7.0,6.8,0.0,0.0,0.9,0.0,,,,23.3,24.5,24.6,24.6,59.2,24.6,58.8,2.0,,,,7.6,8.0,8.0,8.0,0.3,0.0,2.2,0.0,,,,True,True,True,False,False,False,True,False,0.95
2026-05-27 05:22:42,SMOKE,5,31.1,32.7,32.7,32.8,59.5,24.6,61.0,2.0,,,,24.4,25.8,26.1,26.2,59.5,24.6,60.1,2.0,,,,6.7,6.9,6.6,6.6,0.0,0.0,0.9,0.0,,,,23.4,24.6,24.6,24.7,59.2,24.6,58.8,2.0,,,,7.7,8.1,8.1,8.1,0.3,0.0,2.2,0.0,,,,True,True,True,False,False,False,True,False,0.95
2026-05-27 05:22:43,SMOKE,5,31.3,32.9,32.9,32.9,59.5,24.6,61.0,2.0,,,,24.9,26.3,26.6,26.7,59.5,24.6,60.2,2.0,,,,6.4,6.6,6.3,6.2,0.0,0.0,0.8,0.0,,,,23.5,24.7,24.7,24.7,59.2,24.6,58.8,2.0,,,,7.8,8.2,8.2,8.2,0.3,0.0,2.2,0.0,,,,True,True,True,False,False,False,True,False,0.95
2026-05-27 05:22:44,SMOKE,5,31.5,33.0,33.1,33.1,59.5,24.6,61.0,2.0,,,,25.5,26.9,27.1,27.2,59.5,24.6,60.3,2.0,,,,6.0,6.1,6.0,5.9,0.0,0.0,0.7,0.0,,,,23.6,24.8,24.8,24.8,59.2,24.6,58.8,2.0,,,,7.9,8.2,8.3,8.3,0.3,0.0,2.2,0.0,,,,True,True,True,False,False,False,True,False,0.95
2026-05-27 05:22:45,SMOKE,5,31.6,33.2,33.2,33.2,59.5,24.6,61.0,2.0,,,,26.1,27.6,27.8,27.8,59.5,24.6,60.4,2.0,,,,5.5,5.6,5.4,5.4,0.0,0.0,0.6,0.0,,,,23.6,24.8,24.9,24.9,59.2,24.6,58.8,2.0,,,,8.0,8.4,8.3,8.3,0.3,0.0,2.2,0.0,,,,True,True,True,False,False,False,True,False,0.95
2026-05-27 05:22:46,SMOKE,5,31.7,33.3,33.3,33.3,59.5,24.6,61.0,2.0,,,,26.8,28.3,28.4,28.5,59.5,24.6,60.4,2.0,,,,4.9,5.0,4.9,4.8,0.0,0.0,0.6,0.0,,,,23.7,24.9,25.0,25.0,59.2,24.6,58.8,2.0,,,,8.0,8.4,8.3,8.3,0.3,0.0,2.2,0.0,,,,True,True,True,False,False,False,True,False,0.95
2026-05-27 05:22:47,SMOKE,5,31.8,33.4,33.4,33.4,59.5,24.6,61.0,2.0,,,,27.5,29.0,29.1,29.2,59.5,24.6,60.5,2.0,,,,4.3,4.4,4.3,4.2,0.0,0.0,0.5,0.0,,,,23.8,25.0,25.0,25.1,59.2,24.6,58.8,2.0,,,,8.0,8.4,8.4,8.3,0.3,0.0,2.2,0.0,,,,True,True,True,False,False,False,True,False,0.95
2026-05-27 05:22:48,SMOKE,5,32.0,33.6,33.6,33.6,59.5,24.6,61.0,2.0,,,,28.3,29.8,29.9,30.0,59.5,24.6,60.6,2.0,,,,3.7,3.8,3.7,3.6,0.0,0.0,0.4,0.0,,,,23.9,25.1,25.1,25.1,59.2,24.6,58.8,2.0,,,,8.1,8.5,8.5,8.5,0.3,0.0,2.2,0.0,,,,True,True,True,False,False,False,True,False,0.95
2026-05-27 05:22:49,SMOKE,6,33.9,35.6,35.6,35.6,59.4,24.6,61.0,2.0,,,,29.1,30.6,30.7,30.8,59.5,24.6,60.6,2.0,,,,4.8,5.0,4.9,4.8,-0.1,0.0,0.4,0.0,,,,23.9,25.2,25.2,25.2,59.2,24.6,58.8,2.0,,,,10.0,10.4,10.4,10.4,0.2,0.0,2.2,0.0,,,,True,True,True,False,False,True,True,False,0.95
2026-05-27 05:22:50,SMOKE,6,34.7,36.4,36.4,36.4,59.4,24.6,61.0,2.0,,,,30.0,31.6,31.7,31.7,59.5,24.6,60.7,2.0,,,,4.7,4.8,4.7,4.7,-0.1,0.0,0.3,0.0,,,,24.0,25.3,25.3,25.3,59.2,24.6,58.8,2.0,,,,10.7,11.1,11.1,11.1,0.2,0.0,2.2,0.0,,,,True,True,True,False,False,True,True,False,0.95
2026-05-27 05:22:51,SMOKE,10,35.0,36.7,36.7,36.7,59.4,24.6,61.0,2.0,,,,31.0,32.6,32.6,32.7,59.5,24.6,60.8,2.0,,,,4.0,4.1,4.1,4.0,-0.1,0.0,0.2,0.0,,,,24.1,25.3,25.4,25.4,59.2,24.6,58.8,2.0,,,,10.9,11.4,11.3,11.3,0.2,0.0,2.2,0.0,,,,True,True,True,True,True,True,True,False,0.95
2026-05-27 05:22:52,SMOKE,10,35.2,36.9,37.0,37.0,59.4,24.6,61.0,2.0,,,,31.8,33.4,33.5,33.5,59.5,24.6,60.9,2.0,,,,3.4,3.5,3.5,3.5,-0.1,0.0,0.1,0.0,,,,24.2,25.4,25.5,25.5,59.2,24.6,58.8,2.0,,,,11.0,11.5,11.5,11.5,0.2,0.0,2.2,0.0,,,,True,True,True,True,True,True,True,False,0.95
2026-05-27 05:22:53,SMOKE,10,35.4,37.2,37.2,37.2,59.4,24.6,61.0,2.0,,,,32.3,33.9,33.9,34.0,59.5,24.6,60.9,2.0,,,,3.1,3.3,3.3,3.2,-0.1,0.0,0.1,0.0,,,,24.3,25.5,25.6,25.6,59.2,24.6,58.8,2.0,,,,11.1,11.7,11.6,11.6,0.2,0.0,2.2,0.0,,,,True,True,True,True,True,True,True,False,0.95
2026-05-27 05:22:54,SMOKE,10,35.6,37.3,37.3,37.3,59.4,24.6,61.0,2.0,,,,32.6,34.3,34.3,34.3,59.5,24.6,61.0,2.0,,,,3.0,3.0,3.0,3.0,-0.1,0.0,0.0,0.0,,,,24.4,25.6,25.7,25.7,59.2,24.6,58.8,2.0,,,,11.2,11.7,11.6,11.6,0.2,0.0,2.2,0.0,,,,True,True,True,True,True,True,True,False,0.95
2026-05-27 05:22:55,SMOKE,10,35.8,37.5,37.5,37.5,59.4,24.6,61.0,2.0,,,,33.0,34.6,34.6,34.6,59.5,24.6,61.0,2.0,,,,2.8,2.9,2.9,2.9,-0.1,0.0,0.0,0.0,,,,24.5,25.7,25.8,25.8,59.2,24.6,58.8,2.0,,,,11.3,11.8,11.7,11.7,0.2,0.0,2.2,0.0,,,,True,True,True,True,True,True,True,False,0.95
2026-05-27 05:22:56,SMOKE,10,35.9,37.7,37.7,37.7,59.4,24.6,61.0,2.0,,,,33.3,35.0,35.0,35.0,59.4,24.6,61.0,2.0,,,,2.6,2.7,2.7,2.7,0.0,0.0,0.0,0.0,,,,24.6,25.8,25.9,25.9,59.2,24.6,58.8,2.0,,,,11.3,11.9,11.8,11.8,0.2,0.0,2.2,0.0,,,,True,True,True,True,True,True,True,False,0.95
2026-05-27 05:22:57,SMOKE,10,35.9,37.6,37.6,37.6,59.4,24.6,61.0,2.0,,,,33.7,35.3,35.4,35.4,59.4,24.6,61.0,2.0,,,,2.2,2.3,2.2,2.2,0.0,0.0,0.0,0.0,,,,24.7,25.9,26.0,26.0,59.2,24.6,58.8,2.0,,,,11.2,11.7,11.6,11.6,0.2,0.0,2.2,0.0,,,,True,True,True,True,True,True,True,False,0.95
2026-05-27 05:22:58,SMOKE,6,35.8,37.5,37.5,37.5,59.4,24.6,61.0,2.0,,,,34.0,35.7,35.7,35.7,59.4,24.6,61.0,2.0,,,,1.8,1.8,1.8,1.8,0.0,0.0,0.0,0.0,,,,24.8,26.0,26.1,26.1,59.2,24.6,58.8,2.0,,,,11.0,11.5,11.4,11.4,0.2,0.0,2.2,0.0,,,,True,True,True,False,False,True,True,False,0.95
2026-05-27 05:22:59,SMOKE,6,35.5,37.2,37.2,37.2,59.4,24.6,61.0,2.0,,,,34.3,36.0,36.0,36.0,59.4,24.6,61.0,2.0,,,,1.2,1.2,1.2,1.2,0.0,0.0,0.0,0.0,,,,24.8,26.1,26.2,26.2,59.2,24.6,58.8,2.0,,,,10.7,11.1,11.0,11.0,0.2,0.0,2.2,0.0,,,,True,True,True,False,False,True,True,False,0.95
2026-05-27 05:23:00,SMOKE,6,35.2,36.9,36.9,36.9,59.4,24.6,61.0,2.0,,,,34.6,36.3,36.3,36.3,59.4,24.6,61.0,2.0,,,,0.6,0.6,0.6,0.6,0.0,0.0,0.0,0.0,,,,24.9,26.2,26.2,26.3,59.2,24.6,58.8,2.0,,,,10.3,10.7,10.7,10.6,0.2,0.0,2.2,0.0,,,,True,True,True,False,False,True,True,False,0.95
2026-05-27 05:23:01,SMOKE,6,34.7,36.4,36.4,36.4,59.4,24.6,61.0,2.0,,,,34.8,36.5,36.5,36.5,59.4,24.6,61.0,2.0,,,,-0.1,-0.1,-0.1,-0.1,0.0,0.0,0.0,0.0,,,,25.0,26.3,26.3,26.4,59.2,24.6,58.8,2.0,,,,9.7,10.1,10.1,10.0,0.2,0.0,2.2,0.0,,,,True,True,True,False,False,True,True,False,0.95
2026-05-27 05:23:02,SMOKE,6,34.3,35.9,35.9,35.9,59.4,24.6,61.0,2.0,,,,35.0,36.8,36.8,36.8,59.4,24.6,61.0,2.0,,,,-0.7,-0.9,-0.9,-0.9,0.0,0.0,0.0,0.0,,,,25.1,26.4,26.4,26.5,59.2,24.6,58.8,2.0,,,,9.2,9.5,9.5,9.4,0.2,0.0,2.2,0.0,,,,True,True,True,False,False,True,True,False,0.96
2026-05-27 05:23:03,SMOKE,6,33.9,35.5,35.5,35.5,59.4,24.6,61.0,2.0,,,,35.2,36.9,36.9,36.9,59.4,24.6,61.0,2.0,,,,-1.3,-1.4,-1.4,-1.4,0.0,0.0,0.0,0.0,,,,25.2,26.5,26.5,26.5,59.2,24.6,58.8,2.0,,,,8.7,9.0,9.0,9.0,0.2,0.0,2.2,0.0,,,,True,True,True,False,False,True,True,False,0.95
2026-05-27 05:23:04,SMOKE,6,33.5,35.1,35.1,35.1,59.4,24.6,61.0,2.0,,,,35.2,36.9,36.9,36.9,59.4,24.6,61.0,2.0,,,,-1.7,-1.8,-1.8,-1.8,0.0,0.0,0.0,0.0,,,,25.3,26.6,26.6,26.6,59.2,24.6,58.8,2.0,,,,8.2,8.5,8.5,8.5,0.2,0.0,2.2,0.0,,,,True,True,True,False,False,True,True,False,0.95
2026-05-27 05:23:05,SMOKE,6,33.1,34.7,34.7,34.7,59.4,24.6,61.0,2.0,,,,35.1,36.8,36.8,36.8,59.4,24.6,61.0,2.0,,,,-2.0,-2.1,-2.1,-2.1,0.0,0.0,0.0,0.0,,,,25.4,26.7,26.7,26.7,59.2,24.6,58.8,2.0,,,,7.7,8.0,8.0,8.0,0.2,0.0,2.2,0.0,,,,True,True,True,False,False,True,True,False,0.95
2026-05-27 05:23:06,SMOKE,6,32.8,34.4,34.4,34.4,59.4,24.6,61.0,2.0,,,,35.0,36.7,36.7,36.7,59.4,24.6,61.0,2.0,,,,-2.2,-2.3,-2.3,-2.3,0.0,0.0,0.0,0.0,,,,25.5,26.8,26.8,26.8,59.2,24.6,58.8,2.0,,,,7.3,7.6,7.6,7.6,0.2,0.0,2.2,0.0,,,,True,True,True,False,False,True,True,False,0.95
2026-05-27 05:23:08,SMOKE,6,32.5,34.1,34.1,34.1,59.4,24.6,61.0,2.0,,,,34.8,36.5,36.5,36.5,59.4,24.6,61.0,2.0,,,,-2.3,-2.4,-2.4,-2.4,0.0,0.0,0.0,0.0,,,,25.5,26.8,26.9,26.9,59.2,24.6,58.8,2.0,,,,7.0,7.3,7.2,7.2,0.2,0.0,2.2,0.0,,,,True,True,True,False,False,True,True,False,0.95
2026-05-27 05:23:09,SMOKE,6,32.4,34.0,34.0,34.1,59.4,24.6,61.0,2.0,,,,34.6,36.3,36.3,36.3,59.4,24.6,61.0,2.0,,,,-2.2,-2.3,-2.3,-2.2,0.0,0.0,0.0,0.0,,,,25.6,26.9,27.0,27.0,59.2,24.6,58.9,2.0,,,,6.8,7.1,7.0,7.1,0.2,0.0,2.1,0.0,,,,True,True,True,False,False,True,True,False,0.95
2026-05-27 05:23:10,SMOKE,6,32.3,33.9,34.0,34.1,59.4,24.6,61.0,2.0,,,,34.4,36.0,36.0,36.0,59.4,24.6,61.0,2.0,,,,-2.1,-2.1,-2.0,-1.9,0.0,0.0,0.0,0.0,,,,25.7,27.0,27.0,27.1,59.2,24.6,58.9,2.0,,,,6.6,6.9,7.0,7.0,0.2,0.0,2.1,0.0,,,,True,True,True,False,False,True,True,False,0.95
2026-05-27 05:23:11,SMOKE,6,32.2,33.9,34.0,34.1,59.4,24.6,62.0,2.0,,,,34.1,35.8,35.8,35.8,59.4,24.6,61.0,2.0,,,,-1.9,-1.9,-1.8,-1.7,0.0,0.0,1.0,0.0,,,,25.8,27.1,27.1,27.2,59.2,24.6,58.9,2.0,,,,6.4,6.8,6.9,6.9,0.2,0.0,3.1,0.0,,,,True,True,True,False,False,True,True,False,0.95
2026-05-27 05:23:12,SMOKE,6,32.2,34.0,34.1,34.2,59.4,24.6,62.0,2.0,,,,33.9,35.5,35.5,35.5,59.4,24.6,61.1,2.0,,,,-1.7,-1.5,-1.4,-1.3,0.0,0.0,0.9,0.0,,,,25.9,27.2,27.2,27.2,59.2,24.6,58.9,2.0,,,,6.3,6.8,6.9,7.0,0.2,0.0,3.1,0.0,,,,True,True,True,False,False,True,True,False,0.95
2026-05-27 05:23:13,SMOKE,6,32.3,34.1,34.3,34.4,59.4,24.6,62.0,2.0,,,,33.6,35.2,35.3,35.3,59.4,24.6,61.1,2.0,,,,-1.3,-1.1,-1.0,-0.9,0.0,0.0,0.9,0.0,,,,25.9,27.3,27.3,27.3,59.2,24.6,58.9,2.0,,,,6.4,6.8,7.0,7.1,0.2,0.0,3.1,0.0,,,,True,True,True,False,False,True,True,False,0.95
2026-05-27 05:23:14,SMOKE,6,32.5,34.3,34.5,34.7,59.4,24.6,62.0,2.0,,,,33.4,35.0,35.0,35.1,59.4,24.6,61.2,2.0,,,,-0.9,-0.7,-0.5,-0.4,0.0,0.0,0.8,0.0,,,,26.0,27.3,27.4,27.4,59.2,24.6,58.9,2.0,,,,6.5,7.0,7.1,7.3,0.2,0.0,3.1,0.0,,,,True,True,True,False,False,True,True,False,0.95
2026-05-27 05:23:15,SMOKE,6,32.6,34.5,34.8,34.9,59.4,24.6,62.0,2.0,,,,33.1,34.8,34.9,34.9,59.4,24.6,61.3,2.0,,,,-0.5,-0.3,-0.1,0.0,0.0,0.0,0.7,0.0,,,,26.1,27.4,27.5,27.5,59.2,24.6,58.9,2.0,,,,6.5,7.1,7.3,7.4,0.2,0.0,3.1,0.0,,,,True,True,True,False,False,True,True,False,0.94
2026-05-27 05:23:16,SMOKE,6,32.6,34.5,34.8,34.9,59.4,24.6,62.0,2.0,,,,33.0,34.6,34.7,34.8,59.4,24.6,61.4,2.0,,,,-0.4,-0.1,0.1,0.1,0.0,0.0,0.6,0.0,,,,26.2,27.5,27.6,27.6,59.2,24.6,58.9,2.0,,,,6.4,7.0,7.2,7.3,0.2,0.0,3.1,0.0,,,,True,True,True,False,False,True,True,False,0.94
2026-05-27 05:23:17,SMOKE,6,32.5,34.5,34.8,35.0,59.4,24.6,62.0,2.0,,,,32.8,34.5,34.6,34.6,59.4,24.6,61.4,2.0,,,,-0.3,0.0,0.2,0.4,0.0,0.0,0.6,0.0,,,,26.3,27.6,27.6,27.7,59.2,24.6,58.9,2.0,,,,6.2,6.9,7.2,7.3,0.2,0.0,3.1,0.0,,,,True,True,True,False,False,True,True,False,0.94
2026-05-27 05:23:18,SMOKE,6,32.6,34.6,34.9,35.1,59.5,24.6,62.0,2.0,,,,32.7,34.4,34.5,34.6,59.4,24.6,61.5,2.0,,,,-0.1,0.2,0.4,0.5,0.1,0.0,0.5,0.0,,,,26.3,27.7,27.7,27.8,59.2,24.6,58.9,2.0,,,,6.3,6.9,7.2,7.3,0.3,0.0,3.1,0.0,,,,True,True,True,False,False,True,True,False,0.94
2026-05-27 05:23:19,SMOKE,6,32.6,34.7,35.0,35.2,59.5,24.6,62.0,2.0,,,,32.6,34.3,34.5,34.6,59.4,24.6,61.6,2.0,,,,0.0,0.4,0.5,0.6,0.1,0.0,0.4,0.0,,,,26.4,27.8,27.8,27.8,59.2,24.6,58.9,2.0,,,,6.2,6.9,7.2,7.4,0.3,0.0,3.1,0.0,,,,True,True,True,False,False,True,True,False,0.94
2026-05-27 05:23:20,SMOKE,6,32.6,34.7,35.1,35.3,59.5,24.6,62.0,2.0,,,,32.5,34.3,34.5,34.6,59.4,24.6,61.6,2.0,,,,0.1,0.4,0.6,0.7,0.1,0.0,0.4,0.0,,,,26.5,27.8,27.9,27.9,59.2,24.6,59.0,2.0,,,,6.1,6.9,7.2,7.4,0.3,0.0,3.0,0.0,,,,True,True,True,False,False,True,True,False,0.94
2026-05-27 05:23:21,SMOKE,6,32.5,34.6,35.0,35.2,59.5,24.6,62.0,2.0,,,,32.5,34.3,34.5,34.6,59.4,24.6,61.7,2.0,,,,0.0,0.3,0.5,0.6,0.1,0.0,0.3,0.0,,,,26.6,27.9,28.0,28.0,59.2,24.6,59.0,2.0,,,,5.9,6.7,7.0,7.2,0.3,0.0,3.0,0.0,,,,True,True,True,False,False,True,True,False,0.94
2026-05-27 05:23:22,SMOKE,6,32.5,34.6,35.0,35.2,59.5,24.6,62.0,2.0,,,,32.5,34.3,34.5,34.7,59.4,24.6,61.8,2.0,,,,0.0,0.3,0.5,0.5,0.1,0.0,0.2,0.0,,,,26.7,28.0,28.1,28.1,59.2,24.6,59.0,2.0,,,,5.8,6.6,6.9,7.1,0.3,0.0,3.0,0.0,,,,True,True,True,False,False,True,True,False,0.94
2026-05-27 05:23:23,SMOKE,6,32.4,34.5,35.0,35.2,59.5,24.6,62.0,2.0,,,,32.5,34.4,34.6,34.7,59.4,24.6,61.9,2.0,,,,-0.1,0.1,0.4,0.5,0.1,0.0,0.1,0.0,,,,26.7,28.1,28.2,28.2,59.2,24.6,59.0,2.0,,,,5.7,6.4,6.8,7.0,0.3,0.0,3.0,0.0,,,,True,True,True,False,False,True,True,False,0.94
2026-05-27 05:23:24,SMOKE,6,32.3,34.5,35.0,35.2,59.5,24.6,62.0,2.0,,,,32.5,34.4,34.7,34.8,59.4,24.6,61.9,2.0,,,,-0.2,0.1,0.3,0.4,0.1,0.0,0.1,0.0,,,,26.8,28.2,28.2,28.3,59.2,24.6,59.0,2.0,,,,5.5,6.3,6.8,6.9,0.3,0.0,3.0,0.0,,,,True,True,True,False,False,True,True,False,0.94
2026-05-27 05:23:25,SMOKE,6,32.3,34.5,35.0,35.2,59.5,24.6,62.0,2.0,,,,32.5,34.4,34.7,34.9,59.4,24.6,62.0,2.0,,,,-0.2,0.1,0.3,0.3,0.1,0.0,0.0,0.0,,,,26.9,28.3,28.3,28.4,59.2,24.6,59.0,2.0,,,,5.4,6.2,6.7,6.8,0.3,0.0,3.0,0.0,,,,True,True,True,False,False,True,True,False,0.94
2026-05-27 05:23:26,SMOKE,6,32.3,34.5,35.0,35.2,59.5,24.6,62.0,2.0,,,,32.5,34.5,34.8,35.0,59.5,24.6,62.0,2.0,,,,-0.2,0.0,0.2,0.2,0.0,0.0,0.0,0.0,,,,27.0,28.4,28.4,28.4,59.2,24.6,59.0,2.0,,,,5.3,6.1,6.6,6.8,0.3,0.0,3.0,0.0,,,,True,True,True,False,False,True,True,False,0.94
2026-05-27 05:23:27,SMOKE,6,32.3,34.5,35.0,35.3,59.6,24.6,62.0,2.0,,,,32.5,34.5,34.9,35.1,59.5,24.6,62.0,2.0,,,,-0.2,0.0,0.1,0.2,0.1,0.0,0.0,0.0,,,,27.0,28.4,28.5,28.5,59.2,24.6,59.0,2.0,,,,5.3,6.1,6.5,6.8,0.4,0.0,3.0,0.0,,,,True,True,True,False,False,True,True,False,0.94
2026-05-27 05:23:28,SMOKE,6,32.4,34.6,35.2,35.4,59.6,24.6,62.0,2.0,,,,32.5,34.5,34.9,35.1,59.5,24.6,62.0,2.0,,,,-0.1,0.1,0.3,0.3,0.1,0.0,0.0,0.0,,,,27.1,28.5,28.6,28.6,59.2,24.6,59.0,2.0,,,,5.3,6.1,6.6,6.8,0.4,0.0,3.0,0.0,,,,True,True,True,False,False,True,True,False,0.94
2026-05-27 05:23:29,SMOKE,6,32.6,34.8,35.4,35.7,59.6,24.6,63.0,2.0,,,,32.5,34.6,35.0,35.2,59.5,24.6,62.0,2.0,,,,0.1,0.2,0.4,0.5,0.1,0.0,1.0,0.0,,,,27.2,28.6,28.7,28.7,59.2,24.6,59.0,2.0,,,,5.4,6.2,6.7,7.0,0.4,0.0,4.0,0.0,,,,True,True,True,False,False,True,True,False,0.94
2026-05-27 05:23:30,SMOKE,6,32.7,35.0,35.5,35.8,59.6,24.6,63.0,2.0,,,,32.5,34.6,35.0,35.2,59.5,24.6,62.1,2.0,,,,0.2,0.4,0.5,0.6,0.1,0.0,0.9,0.0,,,,27.3,28.7,28.7,28.8,59.2,24.6,59.1,2.0,,,,5.4,6.3,6.8,7.0,0.4,0.0,3.9,0.0,,,,True,True,True,False,False,True,True,False,0.93
2026-05-27 05:23:31,SMOKE,6,32.8,35.1,35.7,36.0,59.6,24.6,63.0,2.0,,,,32.5,34.6,35.1,35.3,59.5,24.6,62.1,2.0,,,,0.3,0.5,0.6,0.7,0.1,0.0,0.9,0.0,,,,27.4,28.8,28.8,28.9,59.2,24.6,59.1,2.0,,,,5.4,6.3,6.9,7.1,0.4,0.0,3.9,0.0,,,,True,True,True,False,False,True,True,False,0.93
2026-05-27 05:23:32,SMOKE,6,32.9,35.3,35.9,36.2,59.6,24.6,63.0,2.0,,,,32.5,34.7,35.1,35.4,59.5,24.6,62.2,2.0,,,,0.4,0.6,0.8,0.8,0.1,0.0,0.8,0.0,,,,27.4,28.9,28.9,29.0,59.2,24.6,59.1,2.0,,,,5.5,6.4,7.0,7.2,0.4,0.0,3.9,0.0,,,,True,True,True,False,False,True,True,False,0.93
2026-05-27 05:23:33,SMOKE,6,33.2,35.6,36.3,36.6,59.6,24.6,63.0,2.0,,,,32.5,34.7,35.2,35.4,59.5,24.6,62.3,2.0,,,,0.7,0.9,1.1,1.2,0.1,0.0,0.7,0.0,,,,27.5,28.9,29.0,29.0,59.2,24.6,59.1,2.0,,,,5.7,6.7,7.3,7.6,0.4,0.0,3.9,0.0,,,,True,True,True,False,False,True,True,False,0.93
2026-05-27 05:23:34,SMOKE,5,33.6,36.0,36.7,37.0,59.6,24.6,63.0,2.0,,,,32.6,34.8,35.3,35.5,59.6,24.6,62.4,2.0,,,,1.0,1.2,1.4,1.5,0.0,0.0,0.6,0.0,,,,27.6,29.0,29.1,29.1,59.2,24.6,59.1,2.0,,,,6.0,7.0,7.6,7.9,0.4,0.0,3.9,0.0,,,,True,True,True,False,False,False,True,False,0.93
2026-05-27 05:23:35,SMOKE,5,33.9,36.4,37.1,37.4,59.6,24.6,63.0,2.0,,,,32.6,34.9,35.4,35.7,59.6,24.6,62.4,2.0,,,,1.3,1.5,1.7,1.7,0.0,0.0,0.6,0.0,,,,27.7,29.1,29.2,29.2,59.2,24.6,59.1,2.0,,,,6.2,7.3,7.9,8.2,0.4,0.0,3.9,0.0,,,,True,True,True,False,False,False,True,False,0.93
2026-05-27 05:23:36,SMOKE,5,34.1,36.6,37.3,37.7,59.6,24.6,63.0,2.0,,,,32.7,35.0,35.6,35.8,59.6,24.6,62.5,2.0,,,,1.4,1.6,1.7,1.9,0.0,0.0,0.5,0.0,,,,27.8,29.2,29.3,29.3,59.2,24.6,59.1,2.0,,,,6.3,7.4,8.0,8.4,0.4,0.0,3.9,0.0,,,,True,True,True,False,False,False,True,False,0.93
2026-05-27 05:23:37,SMOKE,5,34.3,36.9,37.6,38.0,59.6,24.6,63.0,2.0,,,,32.8,35.1,35.7,36.0,59.6,24.6,62.6,2.0,,,,1.5,1.8,1.9,2.0,0.0,0.0,0.4,0.0,,,,27.8,29.3,29.4,29.4,59.2,24.6,59.2,2.0,,,,6.5,7.6,8.2,8.6,0.4,0.0,3.8,0.0,,,,True,True,True,False,False,False,True,False,0.93
2026-05-27 05:23:38,SMOKE,6,34.5,37.2,37.9,38.3,59.6,24.6,63.0,2.0,,,,33.0,35.3,35.9,36.2,59.6,24.6,62.6,2.0,,,,1.5,1.9,2.0,2.1,0.0,0.0,0.4,0.0,,,,27.9,29.4,29.5,29.5,59.2,24.6,59.2,2.0,,,,6.6,7.8,8.4,8.8,0.4,0.0,3.8,0.0,,,,True,True,True,False,False,True,True,False,0.93
2026-05-27 05:23:39,SMOKE,6,34.6,37.3,38.0,38.4,59.6,24.6,63.0,2.0,,,,33.1,35.5,36.1,36.4,59.6,24.6,62.7,2.0,,,,1.5,1.8,1.9,2.0,0.0,0.0,0.3,0.0,,,,28.0,29.5,29.6,29.6,59.2,24.6,59.2,2.0,,,,6.6,7.8,8.4,8.8,0.4,0.0,3.8,0.0,,,,True,True,True,False,False,True,True,False,0.93
2026-05-27 05:23:40,SMOKE,6,34.7,37.3,38.1,38.5,59.6,24.6,63.0,2.0,,,,33.3,35.7,36.3,36.6,59.6,24.6,62.8,2.0,,,,1.4,1.6,1.8,1.9,0.0,0.0,0.2,0.0,,,,28.1,29.6,29.7,29.7,59.2,24.6,59.2,2.0,,,,6.6,7.7,8.4,8.8,0.4,0.0,3.8,0.0,,,,True,True,True,False,False,True,True,False,0.93
2026-05-27 05:23:41,SMOKE,6,34.6,37.3,38.1,38.5,59.6,24.6,64.0,2.0,,,,33.5,35.9,36.5,36.9,59.6,24.6,62.9,2.0,,,,1.1,1.4,1.6,1.6,0.0,0.0,1.1,0.0,,,,28.2,29.7,29.8,29.8,59.2,24.6,59.2,2.0,,,,6.4,7.6,8.3,8.7,0.4,0.0,4.8,0.0,,,,True,True,True,False,False,True,True,False,0.93
2026-05-27 05:23:42,SMOKE,6,34.5,37.2,38.0,38.4,59.6,24.6,64.0,2.0,,,,33.6,36.1,36.8,37.1,59.6,24.6,63.0,2.0,,,,0.9,1.1,1.2,1.3,0.0,0.0,1.0,0.0,,,,28.3,29.8,29.8,29.9,59.2,24.6,59.2,2.0,,,,6.2,7.4,8.2,8.5,0.4,0.0,4.8,0.0,,,,True,True,True,False,False,True,True,False,0.93
2026-05-27 05:23:43,SMOKE,6,34.2,36.9,37.7,38.1,59.6,24.6,64.0,2.0,,,,33.8,36.3,37.0,37.3,59.6,24.6,63.1,2.0,,,,0.4,0.6,0.7,0.8,0.0,0.0,0.9,0.0,,,,28.3,29.8,29.9,30.0,59.2,24.6,59.2,2.0,,,,5.9,7.1,7.8,8.1,0.4,0.0,4.8,0.0,,,,True,True,True,False,False,True,True,False,0.93
2026-05-27 05:23:44,SMOKE,6,33.8,36.4,37.2,37.7,59.6,24.6,64.0,2.0,,,,33.9,36.4,37.1,37.5,59.6,24.6,63.2,2.0,,,,-0.1,0.0,0.1,0.2,0.0,0.0,0.8,0.0,,,,28.4,29.9,30.0,30.1,59.2,24.6,59.3,2.0,,,,5.4,6.5,7.2,7.6,0.4,0.0,4.7,0.0,,,,True,True,True,False,False,True,True,False,0.93
2026-05-27 05:23:45,SMOKE,6,33.3,35.9,36.7,37.1,59.6,24.6,64.0,2.0,,,,34.0,36.5,37.3,37.6,59.6,24.6,63.3,2.0,,,,-0.7,-0.6,-0.6,-0.5,0.0,0.0,0.7,0.0,,,,28.5,30.0,30.1,30.2,59.2,24.6,59.3,2.0,,,,4.8,5.9,6.6,6.9,0.4,0.0,4.7,0.0,,,,True,True,True,False,False,True,True,False,0.93
2026-05-27 05:23:47,SMOKE,6,32.8,35.4,36.2,36.6,59.6,24.6,64.0,2.0,,,,34.0,36.6,37.3,37.7,59.6,24.6,63.4,2.0,,,,-1.2,-1.2,-1.1,-1.1,0.0,0.0,0.6,0.0,,,,28.6,30.1,30.2,30.3,59.2,24.6,59.3,2.0,,,,4.2,5.3,6.0,6.3,0.4,0.0,4.7,0.0,,,,True,True,True,False,False,True,True,False,0.93
2026-05-27 05:23:48,SMOKE,6,32.4,34.9,35.8,36.2,59.6,24.6,64.0,2.0,,,,34.0,36.6,37.4,37.7,59.6,24.6,63.4,2.0,,,,-1.6,-1.7,-1.6,-1.5,0.0,0.0,0.6,0.0,,,,28.7,30.2,30.3,30.4,59.2,24.6,59.3,2.0,,,,3.7,4.7,5.5,5.8,0.4,0.0,4.7,0.0,,,,True,True,True,False,False,True,True,False,0.93
2026-05-27 05:23:49,SMOKE,6,32.0,34.5,35.4,35.8,59.6,24.6,64.0,2.0,,,,34.0,36.5,37.3,37.7,59.6,24.6,63.5,2.0,,,,-2.0,-2.0,-1.9,-1.9,0.0,0.0,0.5,0.0,,,,28.8,30.3,30.4,30.5,59.2,24.6,59.3,2.0,,,,3.2,4.2,5.0,5.3,0.4,0.0,4.7,0.0,,,,True,True,True,False,False,True,True,False,0.93
2026-05-27 05:44:26,SMOKE,4,14.6,15.3,15.3,15.3,59.9,24.6,128.0,2.0,,,,14.0,14.7,14.7,14.7,59.9,24.6,126.6,2.0,,,,0.6,0.6,0.6,0.6,0.0,0.0,1.4,0.0,,,,11.6,12.2,12.2,12.2,59.6,24.6,129.4,2.0,,,,3.0,3.1,3.1,3.1,0.3,0.0,-1.4,0.0,,,,True,True,False,False,False,True,True,False,0.95
2026-05-27 05:44:29,SMOKE,6,14.7,15.4,15.4,15.4,59.9,24.6,128.0,2.0,,,,14.1,14.8,14.8,14.8,59.9,24.6,126.8,2.0,,,,0.6,0.6,0.6,0.6,0.0,0.0,1.2,0.0,,,,11.6,12.2,12.2,12.2,59.6,24.6,129.3,2.0,,,,3.1,3.2,3.2,3.2,0.3,0.0,-1.3,0.0,,,,True,True,True,False,False,True,True,False,0.95
2026-05-27 05:44:30,SMOKE,6,14.7,15.4,15.4,15.4,59.9,24.6,128.0,2.0,,,,14.2,14.8,14.8,14.8,59.9,24.6,126.9,2.0,,,,0.5,0.6,0.6,0.6,0.0,0.0,1.1,0.0,,,,11.6,12.2,12.2,12.2,59.6,24.6,129.3,2.0,,,,3.1,3.2,3.2,3.2,0.3,0.0,-1.3,0.0,,,,True,True,True,False,False,True,True,False,0.95
2026-05-27 05:44:31,SMOKE,6,14.7,15.4,15.4,15.4,59.9,24.6,128.0,2.0,,,,14.2,14.9,14.9,14.9,59.9,24.6,127.1,2.0,,,,0.5,0.5,0.5,0.5,0.0,0.0,0.9,0.0,,,,11.6,12.2,12.2,12.2,59.6,24.6,129.2,2.0,,,,3.1,3.2,3.2,3.2,0.3,0.0,-1.2,0.0,,,,True,True,True,False,False,True,True,False,0.95
2026-05-27 05:44:32,SMOKE,4,14.6,15.3,15.3,15.3,59.8,24.6,128.0,2.0,,,,14.3,15.0,15.0,15.0,59.9,24.6,127.2,2.0,,,,0.3,0.3,0.3,0.3,-0.1,0.0,0.8,0.0,,,,11.6,12.2,12.2,12.2,59.6,24.6,129.2,2.0,,,,3.0,3.1,3.1,3.1,0.2,0.0,-1.2,0.0,,,,True,True,False,False,False,True,True,False,0.95
2026-05-27 08:33:36,SMOKE,9,17.2,18.1,18.1,18.1,58.5,25.2,71.0,2.0,,,,10.8,11.3,11.3,11.3,57.5,25.2,71.0,2.0,,,,6.4,6.8,6.8,6.8,1.0,0.0,0.0,0.0,,,,9.9,10.3,10.3,10.3,57.1,25.1,74.6,2.0,,,,7.3,7.8,7.8,7.8,1.4,0.1,-3.6,0.0,,,,True,True,True,True,True,False,True,False,0.95
2026-05-27 08:33:39,SMOKE,9,17.3,18.1,18.1,18.1,58.7,25.2,71.0,2.0,,,,11.2,11.8,11.8,11.8,57.6,25.2,71.0,2.0,,,,6.1,6.3,6.3,6.3,1.1,0.0,0.0,0.0,,,,9.9,10.4,10.4,10.4,57.1,25.1,74.6,2.0,,,,7.4,7.7,7.7,7.7,1.6,0.1,-3.6,0.0,,,,True,True,True,True,True,False,True,False,0.96
2026-05-27 08:33:40,SMOKE,9,16.5,17.3,17.3,17.3,58.8,25.2,71.0,2.0,,,,11.7,12.3,12.3,12.3,57.8,25.2,71.0,2.0,,,,4.8,5.0,5.0,5.0,1.0,0.0,0.0,0.0,,,,9.9,10.4,10.4,10.4,57.1,25.1,74.5,2.0,,,,6.6,6.9,6.9,6.9,1.7,0.1,-3.5,0.0,,,,True,True,True,True,True,False,True,False,0.95
2026-05-27 08:33:41,SMOKE,10,15.8,16.6,16.6,16.6,58.8,25.2,71.0,2.0,,,,12.1,12.7,12.7,12.7,57.9,25.2,71.0,2.0,,,,3.7,3.9,3.9,3.9,0.9,0.0,0.0,0.0,,,,9.9,10.4,10.4,10.4,57.1,25.1,74.5,2.0,,,,5.9,6.2,6.2,6.2,1.7,0.1,-3.5,0.0,,,,True,True,True,True,True,True,True,False,0.95
2026-05-27 08:33:42,SMOKE,10,15.3,16.1,16.1,16.1,58.8,25.2,71.0,2.0,,,,12.5,13.1,13.1,13.1,58.0,25.2,71.0,2.0,,,,2.8,3.0,3.0,3.0,0.8,0.0,0.0,0.0,,,,9.9,10.4,10.4,10.4,57.1,25.1,74.5,2.0,,,,5.4,5.7,5.7,5.7,1.7,0.1,-3.5,0.0,,,,True,True,True,True,True,True,True,False,0.95
2026-05-27 08:33:43,SMOKE,10,14.9,15.6,15.6,15.6,58.8,25.2,72.0,2.0,,,,12.8,13.4,13.4,13.4,58.1,25.2,71.0,2.0,,,,2.1,2.2,2.2,2.2,0.7,0.0,1.0,0.0,,,,10.0,10.4,10.4,10.4,57.1,25.1,74.5,2.0,,,,4.9,5.2,5.2,5.2,1.7,0.1,-2.5,0.0,,,,True,True,True,True,True,True,True,False,0.96
2026-05-27 08:33:44,SMOKE,6,14.4,15.1,15.1,15.1,58.8,25.2,72.0,2.0,,,,13.1,13.7,13.7,13.7,58.2,25.2,71.1,2.0,,,,1.3,1.4,1.4,1.4,0.6,0.0,0.9,0.0,,,,10.0,10.5,10.5,10.5,57.1,25.1,74.5,2.0,,,,4.4,4.6,4.6,4.6,1.7,0.1,-2.5,0.0,,,,True,True,True,False,False,True,True,False,0.95
2026-05-27 08:33:45,SMOKE,6,13.9,14.5,14.5,14.5,58.7,25.2,72.0,2.0,,,,13.3,14.0,14.0,14.0,58.4,25.2,71.1,2.0,,,,0.6,0.5,0.5,0.5,0.3,0.0,0.9,0.0,,,,10.0,10.5,10.5,10.5,57.1,25.1,74.4,2.0,,,,3.9,4.0,4.0,4.0,1.6,0.1,-2.4,0.0,,,,True,True,True,False,False,True,True,False,0.96
2026-05-27 08:33:46,SMOKE,6,13.5,14.2,14.2,14.2,58.7,25.2,72.0,2.0,,,,13.5,14.2,14.2,14.2,58.5,25.2,71.2,2.0,,,,0.0,0.0,0.0,0.0,0.2,0.0,0.8,0.0,,,,10.0,10.5,10.5,10.5,57.1,25.1,74.4,2.0,,,,3.5,3.7,3.7,3.7,1.6,0.1,-2.4,0.0,,,,True,True,True,False,False,True,True,False,0.95
2026-05-27 08:33:47,SMOKE,6,13.2,13.8,13.8,13.8,58.6,25.2,72.0,2.0,,,,13.7,14.4,14.4,14.4,58.6,25.2,71.3,2.0,,,,-0.5,-0.6,-0.6,-0.6,0.0,0.0,0.7,0.0,,,,10.0,10.5,10.5,10.5,57.1,25.1,74.4,2.0,,,,3.2,3.3,3.3,3.3,1.5,0.1,-2.4,0.0,,,,True,True,True,False,False,True,True,False,0.96
